# exact-gradient local quartic closure adversary; cutoff=1; objective=signed-lqc3-ratio; selection=doubling-remainder; backend=direct; objective_value=0.0689407; constant_ratio=0.0373872; candidate_lemma_proved=false
kx	ky	kz	ux_re	ux_im	uy_re	uy_im	uz_re	uz_im
-1	-1	-1	-0.00050549370526738440345	-0.013714678344818912251	0.17865865390189170081	0.060938457846123672557	-0.17815316019662433278	-0.047223779501304755102
-1	-1	0	0.036594638986228805733	0.0048479363140607632451	-0.036594638986228805733	-0.0048479363140607632451	-0.043459263403194330067	-0.015529984690143848469
-1	-1	1	-0.029965974330003194298	-0.0067507009332586440792	0.011057781350787171046	0.0052262385243515858263	-0.018908192979216024987	-0.0015244624089070584697
-1	0	-1	0.041911557011222733138	-0.016838503385003870255	0.015315700675332895309	-0.053450697817125122913	-0.041911557011222733138	0.016838503385003870255
-1	0	0	0	-0	0.11698827610031516111	-0.38641966667710092587	0.031851857638644780202	-0.36320279917495479349
-1	0	1	-0.022279304798225457729	-0.037799324909329384825	0.038619846618772678271	0.054250698266167712847	-0.022279304798225457729	-0.037799324909329384825
-1	1	-1	0.00020832880970201488394	0.019088380373335708112	0.0083609422572825352338	0.015842504456421057507	0.0081526134475805207835	-0.0032458759169146484368
-1	1	0	0.0052868856135450375405	-0.0072326157066350208608	0.0052868856135450375405	-0.0072326157066350208608	-0.0013191633975826438235	-0.0032549042123088062564
-1	1	1	0.014461944667038600584	-0.012352865284599267096	-0.20954130481882540793	-0.023805575997097823404	0.22400324948586400331	0.011452710712498556309
0	-1	-1	0.013313087954447964598	-0.028124961673174148774	0.044221611437108419851	-0.014809013525454689519	-0.044221611437108419851	0.014809013525454689519
0	-1	0	-0.00092309799221610810537	-0.02963885606429930708	0	-0	0.039949062611760337294	0.023686629674739632934
0	-1	1	0.03829940045526076392	-0.051939194005514270625	-0.012464412406029006658	0.01891086803895365015	-0.012464412406029006658	0.01891086803895365015
0	0	-1	0.0014459186386030018889	-0.014628998307043970806	-0.0026967783100770421033	0.051580597226261230837	0	-0
0	0	1	0.0014459186386030018889	0.014628998307043970806	-0.0026967783100770421033	-0.051580597226261230837	0	0
0	1	-1	0.03829940045526076392	0.051939194005514270625	-0.012464412406029006658	-0.01891086803895365015	-0.012464412406029006658	-0.01891086803895365015
0	1	0	-0.00092309799221610810537	0.02963885606429930708	0	0	0.039949062611760337294	-0.023686629674739632934
0	1	1	0.013313087954447964598	0.028124961673174148774	0.044221611437108419851	0.014809013525454689519	-0.044221611437108419851	-0.014809013525454689519
1	-1	-1	0.014461944667038600584	0.012352865284599267096	-0.20954130481882540793	0.023805575997097823404	0.22400324948586400331	-0.011452710712498556309
1	-1	0	0.0052868856135450375405	0.0072326157066350208608	0.0052868856135450375405	0.0072326157066350208608	-0.0013191633975826438235	0.0032549042123088062564
1	-1	1	0.00020832880970201488394	-0.019088380373335708112	0.0083609422572825352338	-0.015842504456421057507	0.0081526134475805207835	0.0032458759169146484368
1	0	-1	-0.022279304798225457729	0.037799324909329384825	0.038619846618772678271	-0.054250698266167712847	-0.022279304798225457729	0.037799324909329384825
1	0	0	0	0	0.11698827610031516111	0.38641966667710092587	0.031851857638644780202	0.36320279917495479349
1	0	1	0.041911557011222733138	0.016838503385003870255	0.015315700675332895309	0.053450697817125122913	-0.041911557011222733138	-0.016838503385003870255
1	1	-1	-0.029965974330003194298	0.0067507009332586440792	0.011057781350787171046	-0.0052262385243515858263	-0.018908192979216024987	0.0015244624089070584697
1	1	0	0.036594638986228805733	-0.0048479363140607632451	-0.036594638986228805733	0.0048479363140607632451	-0.043459263403194330067	0.015529984690143848469
1	1	1	-0.00050549370526738440345	0.013714678344818912251	0.17865865390189170081	-0.060938457846123672557	-0.17815316019662433278	0.047223779501304755102
