# exact-gradient local quartic closure adversary; cutoff=3; objective=terminal-sld-ratio; selection=local; objective_value=0.00081224; constant_ratio=0.175598; candidate_lemma_proved=false
kx	ky	kz	ux_re	ux_im	uy_re	uy_im	uz_re	uz_im
-3	-3	-3	-2.87527112091590295e-07	1.7806902547475851521e-07	7.6355146415741860646e-08	-8.4570110329240182175e-08	2.1117196567584842111e-07	-9.3498915145518319804e-08
-3	-3	-2	-3.7402109386036162915e-06	-1.5900618478849400161e-06	2.6276241693562412545e-06	3.5687455233921349514e-07	1.6688801538710625555e-06	1.849780943318589702e-06
-3	-3	-1	4.8093090635610748416e-07	2.6282168292656270412e-07	-4.2013105008718064232e-07	-2.0220150827707280346e-07	-1.8239956880678052551e-07	-1.8186052394846964903e-07
-3	-3	0	-2.386188522131223767e-08	2.4465129196708605355e-09	2.386188522131223767e-08	-2.4465129196708605355e-09	1.0238514288694180344e-07	-6.5068750662967599901e-07
-3	-3	1	-5.7080285100589510593e-07	1.1456606791245724253e-07	5.0844659270883264206e-07	-7.0224670785747879334e-08	-1.8706877489118725925e-07	1.3302419138012807636e-07
-3	-3	2	-3.2430598456597643892e-06	1.7330045758206662338e-06	2.2281582230857700014e-06	-4.5562383923404272311e-07	-1.5223524338609915816e-06	1.9160711048799350543e-06
-3	-3	3	3.388966217830858992e-07	1.5670354313712000439e-07	-2.0147836479688541661e-07	-5.0737312709610209229e-08	1.3741825698620048259e-07	1.0596623042750978193e-07
-3	-2	-3	-3.6598195597415882508e-07	-1.2562397264242136247e-06	-1.492339744530166027e-06	-4.550467846974005758e-07	1.3608751189942696333e-06	1.5596042495558140439e-06
-3	-2	-2	-2.5043827630333039063e-07	-4.9039058934668524338e-07	7.5063383239629420727e-08	9.1380525646064361984e-08	3.0059403121536615198e-07	6.4420535837396352955e-07
-3	-2	-1	-8.9646060149223109971e-07	3.1217186722865009311e-06	9.676896822891797112e-07	-3.3636122758923856608e-06	7.5400243989833355907e-07	-2.6379314650747314717e-06
-3	-2	0	1.3539477336542676304e-06	-2.5516350366539887285e-07	-2.0309216004814013396e-06	3.8274525549809830928e-07	7.2195844092841514892e-10	4.5339426031932519258e-10
-3	-2	1	1.963769731018794541e-06	2.5921240086340702099e-06	-2.1156599942859746928e-06	-2.7930510478447082381e-06	1.6599892044844346609e-06	2.1902699302127945771e-06
-3	-2	2	-2.1339211359025923933e-08	4.8473043706348921936e-07	-1.096474913724065156e-07	-5.6089225593451369214e-08	-1.4165630841094540646e-07	6.7100643000178251938e-07
-3	-2	3	-2.3925003469310894801e-07	-9.6239742882096114334e-07	1.7096626836245895644e-06	-1.3429149507068737789e-07	9.0052508772328413025e-07	-1.05192509220141936e-06
-3	-1	-3	-3.0772379379337997461e-07	-4.5909753003163050156e-07	-1.518465636184580883e-07	-7.4219650714250685827e-08	3.5833931499953267071e-07	4.8383741360304744537e-07
-3	-1	-2	-1.6962144165009225244e-06	3.9122249944511393088e-06	1.3304297279615828755e-06	-3.0497555253665458115e-06	1.8791067607705923488e-06	-4.3434597289934362692e-06
-3	-1	-1	-1.3397639042229957817e-05	7.5604643226726676544e-07	5.5387271625977461427e-06	-3.2385672865952762495e-07	3.4654189964092129003e-05	-1.9442825681422727772e-06
-3	-1	0	-2.0226935173464767012e-09	-2.2945836547005395225e-09	6.06808055203942969e-09	6.8837509641016185676e-09	-7.4374372745986266027e-06	-1.2943606323230910716e-05
-3	-1	1	7.3845523803643927708e-06	-1.1205341874264847891e-05	-3.0526525372504321726e-06	4.6065126676724731816e-06	1.9101004603842744022e-05	-2.9009512955122073032e-05
-3	-1	2	-4.2432380952877685404e-06	-4.9843282530259280693e-07	3.3206858690118369826e-06	3.92512125843779538e-07	-4.7045142084257334723e-06	-5.5139317503199946786e-07
-3	-1	3	-2.2867033933852310425e-07	-5.0779093089668512673e-07	4.740917665596682643e-09	-1.9241849151453567339e-07	-2.270900334499908767e-07	-5.7193042806819698257e-07
-3	0	-3	-1.9040217548371184884e-08	3.8265688122497017486e-10	3.3432581860969968913e-07	-5.6869657225619782973e-07	1.9040217548371184884e-08	-3.8265688122497017486e-10
-3	0	-2	1.3039303971717192154e-08	2.3920499531764569017e-09	-9.2058708947490309242e-07	-6.822572535650088116e-08	-1.9558955957575788231e-08	-3.5880749297646851458e-09
-3	0	-1	-3.0367084361901683606e-10	-9.8296044766426283206e-10	3.0058188222904911868e-06	7.2537776751765940057e-06	9.1101253085705045647e-10	2.948881342992788703e-09
-3	0	0	0	-0	-2.1528443155923593316e-08	2.7806701394932135261e-08	-3.327832498655374948e-09	-6.9670973574586107016e-08
-3	0	1	-3.4100928142719867478e-09	-8.1257486902674187477e-10	7.6191087402345887122e-06	1.9030683455876800207e-06	-1.0230278442815959416e-08	-2.4377246070802255209e-09
-3	0	2	9.5533489487018624258e-10	-1.1941516335655262955e-08	2.0327446222647117858e-07	9.0327618982450019534e-07	1.4330023423052791571e-09	-1.791227450348289526e-08
-3	0	3	-6.6632141409369355124e-09	-1.927892467415800509e-08	-5.0690778268076994051e-07	4.1523051885795185658e-07	-6.6632141409369355124e-09	-1.927892467415800509e-08
-3	1	-3	4.9180071073325093658e-07	8.0381596855394884625e-08	-1.7881867059298953071e-07	-1.0475923557409563564e-07	-5.5140693426424747329e-07	-1.1530134204676010092e-07
-3	1	-2	-1.1076107338151064377e-06	-4.1107522524145537036e-06	-8.5493591256265613898e-07	-3.2011348902858057267e-06	1.2339481444413313753e-06	4.5655609334789272686e-06
-3	1	-1	9.9788834258795858933e-06	-8.9237986448396524979e-06	4.1100413479686598821e-06	-3.658572930992131661e-06	-2.5826608929670097798e-05	2.311282300352682795e-05
-3	1	0	-3.8124372678788034292e-09	-7.1192128371795886339e-10	-1.1437311803636410288e-08	-2.1357638511538764868e-09	1.3805681934387714635e-05	5.4109767966406021784e-06
-3	1	1	1.2430706786041176069e-06	1.3349508744670032074e-05	5.2558514592485293552e-07	5.5201261516450608912e-06	3.203626889887500097e-06	3.4528400082365036177e-05
-3	1	2	3.610666127875453501e-06	-2.2674399020251020285e-06	2.8119194435572083824e-06	-1.7640913476656514612e-06	4.0100394700345758485e-06	-2.519114179204827418e-06
-3	1	3	3.9155450764644884809e-07	3.2107953243178680756e-07	-2.2729372048542252547e-07	-1.490190376224249636e-08	4.6731908114158968991e-07	3.2604683368586760218e-07
-3	2	-3	-4.3862517968859499708e-07	1.3836018309617614913e-06	-6.1459982528678705026e-07	2.1836620229831264552e-07	2.8891962830736959163e-08	-1.2380243627628864825e-06
-3	2	-2	1.9682341268081133463e-07	-3.5640282328075268187e-07	-1.4378960885245741979e-09	-2.5284984318236757384e-07	-2.9667301510974158917e-07	2.817543917387614225e-07
-3	2	-1	-2.8290068166226040401e-06	-1.5687133272538668597e-06	-3.045196484075443989e-06	-1.692407099718787193e-06	2.3966274817169241423e-06	1.3213257823240266166e-06
-3	2	0	-5.4328403386564384612e-08	1.3876518470633625027e-06	-8.1492605079846576918e-08	2.0814777705950435423e-06	2.1569017230896520161e-09	-4.0652992341563758816e-09
-3	2	1	-2.9364214145311780932e-06	1.3611287585547133082e-06	-3.162992641371401422e-06	1.4653086164560786359e-06	-2.4832789608507322828e-06	1.152769042751982653e-06
-3	2	2	-1.0848045662917094045e-07	-4.5035415833946190154e-07	-2.0345844443591815141e-08	-1.67503870878275672e-07	-1.4237484050016459553e-07	-5.0802736663091715383e-07
-3	2	3	-1.3452680247773825998e-06	-1.5262856887875255667e-06	7.1388367121803868127e-07	-1.9827702005568785259e-07	-1.8211904722560751952e-06	-1.3941010087504002258e-06
-3	3	-3	5.3733568333021317697e-08	3.1056517159182638062e-07	-3.9502619373601808777e-08	2.231107863728124823e-07	-9.3236187706623119857e-08	-8.7454385219013911546e-08
-3	3	-2	-2.2132876625258846181e-06	2.8242762705989224957e-06	-2.0512464549380586041e-06	1.0269960590852183659e-06	2.430618113817391797e-07	-2.6959203172705560889e-06
-3	3	-1	-1.6877766148467955023e-07	5.7425411707487670916e-07	-1.8322215537843531974e-07	4.9256873467828252671e-07	-4.3333481681267334995e-08	-2.450561471897823356e-07
-3	3	0	9.061767676189520783e-09	3.0673801295203647913e-08	9.061767676189520783e-09	3.0673801295203647913e-08	6.1782076604744886208e-07	-1.8657123572329296357e-07
-3	3	1	-4.8500237907164656231e-07	-3.575691924805804204e-07	-4.5309135565627443846e-07	-2.8422025078766318401e-07	-9.5733070246116225964e-08	-2.2004682507875173564e-07
-3	3	2	4.7169979576333079062e-06	1.5823954490053462504e-06	2.7582626664974139705e-06	-8.2644563795231270481e-08	2.9381029367038411153e-06	2.4975600192008666055e-06
-3	3	3	-1.1256150393794377199e-07	-3.2031452348769037315e-07	-9.3210349345331396142e-08	-6.8761967443254713629e-08	-1.9351154592612382467e-08	-2.5155255604443567276e-07
-2	-3	-3	3.0934492017104988227e-06	-9.8438607732093935344e-07	-2.1429905611415091599e-06	4.0173501109788032551e-07	8.0691093334509957966e-08	2.5452237378274591012e-07
-2	-3	-2	-3.3150929964254080403e-07	3.0408045051680322799e-07	2.7150357640599566755e-07	-2.8884008711666214785e-08	-7.5746064966452657591e-08	-2.6075443744930391904e-07
-2	-3	-1	6.5524673327500682414e-07	4.7160189651210049138e-06	-5.9899326722581404518e-07	-4.2441156723519936925e-06	4.8648633512742827551e-07	3.3003090868139716732e-06
-2	-3	0	1.5347576677190085092e-10	6.9951575636834397692e-09	-1.023171778479338963e-10	-4.6634383757889595704e-09	7.6815319332908007711e-07	-5.3462320651507696503e-07
-2	-3	1	-4.197281691248325709e-06	-2.2404625737053531896e-06	3.7767017633357980851e-06	2.0265452183495610899e-06	2.9355419075107419904e-06	1.5987105076379773142e-06
-2	-3	2	4.6376522709616690651e-07	-4.0393847173989494097e-07	-1.9316850880505506918e-07	3.5124547002606458407e-07	1.7401246388858427626e-07	1.2292973329920193513e-07
-2	-3	3	3.3611309486598992547e-07	-2.7454640657415563784e-06	9.4113407221026196472e-07	2.2861906371106094207e-06	1.1652094687875887229e-06	4.5588125994957178215e-07
-2	-2	-3	7.8861083458058600168e-08	3.0500494750131617533e-07	-6.265423963717189334e-07	-4.4353848708120439087e-07	3.651208752757735202e-07	9.2355693053258805948e-08
-2	-2	-2	7.6833402047515538346e-07	-5.9297393943240946282e-07	-4.2409423577692222145e-07	5.3415794469382249441e-07	-3.4423978469823316201e-07	5.8815994738587021355e-08
-2	-2	-1	-3.7633434465823214743e-06	1.9771603637795674057e-06	3.9886344510526799772e-05	-2.0787898543468677688e-05	-7.2246002127888955748e-05	3.7621476359378217176e-05
-2	-2	0	7.3302095728785152617e-05	5.2835932114121048119e-05	-7.3302095728785152617e-05	-5.2835932114121048119e-05	-7.4847431212864829322e-08	-6.1476830676130809229e-08
-2	-2	1	-6.4902832012720569023e-07	4.0897158966328412427e-06	7.0850881508855438723e-06	-4.4299033149105141783e-05	1.2872119661516677423e-05	-8.0418634504944599387e-05
-2	-2	2	-1.3473505869699396508e-08	8.5747688178986906377e-07	-1.3553684723363607097e-07	-7.1424764967839813879e-07	-1.4901035310333547078e-07	1.4322923211147092498e-07
-2	-2	3	-2.5106346366652566176e-07	1.728747245993064581e-07	5.9026609870335078591e-07	1.9448716374267120443e-07	2.2613509002455010041e-07	2.4490792556131844168e-07
-2	-1	-3	-4.1384690548889340085e-07	3.4615951007897794894e-06	-3.1118857239817174305e-07	2.7068436341387547544e-06	3.7962746112531949727e-07	-3.2100112785727711032e-06
-2	-1	-2	4.1978204145429988609e-05	-1.5311867444887116189e-05	-7.6240118219666222444e-05	2.7856939480219197844e-05	-3.8581450355968756929e-06	1.383397704777517902e-06
-2	-1	-1	-0.001173763836056019097	-0.0011027777574101366598	0.0010694869873270494622	0.0010047756254465464026	0.0012780406847849887318	0.0012007798893737267002
-2	-1	0	-2.4698787832773467152e-07	-2.5405891756618729074e-07	4.9397575665546934304e-07	5.0811783513237458149e-07	0.00024300658767106519628	-0.0008186868876653784861
-2	-1	1	0.0015866164609342223255	-0.00028624288652386606444	-0.0014458173559029233006	0.00026055232561811064902	0.0017274155659655213504	-0.00031193344742962153407
-2	-1	2	2.6919512177079377949e-05	3.5754662636693159718e-05	-4.8826461808024001045e-05	-6.4876587361538333551e-05	2.5062812730673757325e-06	3.3163689559239920953e-06
-2	-1	3	-1.5316879670460374682e-06	3.1337183291876021862e-06	-1.2205183733024799659e-06	2.4513079939593260343e-06	-1.4279647691315183007e-06	2.9062482174448431865e-06
-2	0	-3	2.0202582641350672009e-06	-4.5496575427125706704e-07	1.8413835161589059991e-08	-1.870390138917726806e-09	-1.3468388427567115378e-06	3.0331050284750474665e-07
-2	0	-2	-5.7228792661766819303e-05	-6.970623917388318587e-05	1.0886378221952946426e-07	-3.8790953023343699931e-08	5.7228792661766819303e-05	6.970623917388318587e-05
-2	0	-1	1.0623307964155871941e-05	-2.3804943262635955883e-05	6.9604087181415315392e-07	-2.7791189053158336697e-06	-2.1246615928311743881e-05	4.7609886525271911766e-05
-2	0	0	0	-0	2.8312946260564594995e-06	4.6636399199306240682e-07	-1.9802956479234026056e-06	-6.6960550093238745824e-07
-2	0	1	-1.2842436162207830286e-05	-2.241555160181552526e-05	1.2681581164865364559e-06	-8.8960739583186137948e-07	-2.5684872324415660571e-05	-4.4831103203631050521e-05
-2	0	2	-5.0133095331261957233e-05	7.5094185984977211809e-05	-1.1698830059490410582e-07	6.3808199307273329994e-08	-5.0133095331261957233e-05	7.5094185984977211809e-05
-2	0	3	-2.0568161549842212512e-06	-2.5260046580649571533e-07	-1.4598696374512611262e-08	-8.7572960952071322487e-09	-1.3712107699894809047e-06	-1.6840031053766381022e-07
-2	1	-3	1.8559600003288224823e-06	2.9555970593157723424e-06	-1.4295747849996837943e-06	-2.3211800146282303954e-06	-1.7138315952191095863e-06	-2.7441247110865918346e-06
-2	1	-2	2.3330407013307953427e-05	-3.8387762231975884651e-05	4.2229146629090242801e-05	-6.9407986885749263289e-05	-2.215833698762830756e-06	3.6837687891012580891e-06
-2	1	-1	-0.0016031311328782086971	-0.00012834810159400957051	-0.0014601269873115219934	-0.00011695253706504854909	0.0017461352784448954008	0.00013974366612297059193
-2	1	0	4.6714334316794163573e-07	2.8727378710814776743e-07	9.3428668633588327146e-07	5.7454757421629553486e-07	-0.00032059569884522297204	-0.00078586518893234845635
-2	1	1	0.0010581714792961950753	-0.0012121096146393052235	0.00096402025704518299297	-0.0011045479791007754931	0.0011523227015472069408	-0.0013196712501778349539
-2	1	2	4.3517859954871605278e-05	1.1180295448420724577e-05	7.8782686122462101215e-05	2.0245846822876029428e-05	4.1265168936405597532e-06	1.0573720369827090156e-06
-2	1	3	7.23674949138367835e-07	3.4173992363242826165e-06	-5.9025656165364607259e-07	-2.6664582674025923535e-06	6.7920215331012731812e-07	3.1670855800170523877e-06
-2	2	-3	-2.4992318857826359722e-07	-2.2741672003664271898e-07	1.2828035210639558444e-07	-8.1002243707701927243e-07	2.5213569378977280542e-07	-3.8840381136025107093e-07
-2	2	-2	-1.2683099291356360344e-07	7.7118065122706680217e-07	-4.7656574068367215186e-07	8.4705534291006194621e-07	-3.4973474777010854842e-07	7.5874691682995157265e-08
-2	2	-1	1.0180980093658065522e-06	4.0015321860189458051e-06	1.1330173161802823659e-05	4.3299504531846538108e-05	2.062415030487403379e-05	7.85959446916551863e-05
-2	2	0	6.7604544124808725884e-05	-5.9669390700870799543e-05	6.7604544124808725884e-05	-5.9669390700870799543e-05	-2.1895238231231138754e-08	1.5404330080351894044e-08
-2	2	1	3.8375432336791117548e-06	1.5141198097408580062e-06	4.1593763166390305356e-05	1.6616254766818486319e-05	-7.5512439865422397367e-05	-3.0204269914155253238e-05
-2	2	2	-1.186577588708108546e-06	6.5526355435106072656e-08	-8.7073672038942211405e-07	3.0740720811121543379e-07	-3.1584086831868637902e-07	-2.418808526761093876e-07
-2	2	3	-2.2470231066159060355e-07	-3.4007811912727714711e-07	-7.4854841522674720981e-07	7.8121653962792508031e-08	3.4923073637677108848e-07	-2.787998487267130946e-07
-2	3	-3	-2.9145136596832340353e-06	2.0869556362669967425e-06	-2.3604907352786031675e-06	2.767845189881390209e-06	-4.1748162882311398713e-07	1.3765414323700587649e-06
-2	3	-2	-4.0225074609476953846e-07	5.7188313537765016869e-07	-1.8847881881488731042e-07	3.3364676472338359444e-07	1.1953251787243854636e-07	-7.1412988292574777032e-08
-2	3	-1	3.902564661028141128e-06	-2.6653084526717084346e-06	3.5235734471272818967e-06	-2.3972117039187265508e-06	2.7655910193255621636e-06	-1.8610182064127625714e-06
-2	3	0	-7.6277527439353221607e-09	3.6544604458767990728e-09	-5.0851684959568814405e-09	2.4363069639178660485e-09	-8.0598020106913213853e-07	-4.4920977511065893999e-07
-2	3	1	-2.4057439379397950544e-07	4.7195182582930118162e-06	-2.0309626512255318966e-07	4.2554008000353630881e-06	1.2814000777970053163e-07	-3.3271658835200652083e-06
-2	3	2	-2.1925276501882481011e-07	7.9338860657992106587e-07	-1.9864086739286309809e-07	3.3966300504356989958e-07	7.8708536070469850254e-08	2.8389409901456619004e-07
-2	3	3	3.7332677001972576073e-07	-3.4571832379551924713e-06	1.004815066588216011e-06	-2.9157744178220721018e-06	-7.5593055324173209996e-07	6.1098559251861031311e-07
-1	-3	-3	-1.9837401706930620332e-07	-3.6803202746120876644e-08	6.3222621841245092405e-07	4.7219017154280886821e-08	-5.6610154605601552294e-07	-3.4951282905573925734e-08
-1	-3	-2	-1.1565358197857817507e-06	-2.5005667437010480839e-06	1.3760518358792324045e-06	2.9388278115001889554e-06	-1.4858098439259576256e-06	-3.1579583453997598147e-06
-1	-3	-1	2.1498962796417271773e-05	-2.7306069977368774434e-05	-8.3109255273346918088e-06	1.0559388392882147859e-05	3.4338137855868015363e-06	-4.3720952012776716838e-06
-1	-3	0	-1.4509210976281066698e-09	-5.6564026439592791186e-09	4.8364036587603552213e-10	1.8854675479864266486e-09	7.7111200812777963744e-06	1.5683728732776942993e-06
-1	-3	1	9.1363909103115282899e-06	3.3537926180368334873e-05	-3.5289249019549100191e-06	-1.2970206944794355672e-05	-1.4503837955532011321e-06	-5.3726946540147304496e-06
-1	-3	2	2.0327548095935017077e-06	-1.8508860793854615496e-06	-2.4078319042153849738e-06	2.1723288647069371183e-06	-2.5953704515263261834e-06	2.3330502573676750085e-06
-1	-3	3	-1.9922197573272476322e-07	-7.4325662710554463945e-08	5.7956994195228890623e-07	1.6536170032004006245e-07	5.1316261670804737143e-07	1.4058647941652189015e-07
-1	-2	-3	-1.0031118923661252481e-06	-3.189493663094145708e-06	-1.4402749435211870515e-06	-4.4884082265576442122e-06	1.2945539264694997837e-06	4.0554367054031442873e-06
-1	-2	-2	5.808595772472376973e-05	-5.6762220739006462907e-05	2.9631923915987107244e-06	-2.9115563673069791496e-06	-3.2006171253960595589e-05	3.1292666736810209756e-05
-1	-2	-1	-0.0016594334551463052821	-0.00056864709464351831554	0.0015246466995203868718	0.0005226099457558261354	-0.0013898599438944686784	-0.00047657279686813395526
-1	-2	0	-7.3559940953135908995e-06	-4.910661409276200688e-05	3.6779970476567954498e-06	2.455330704638100344e-05	-1.5478623698524233678e-07	-3.143999115547720152e-07
-1	-2	1	-0.0014450637652348727671	0.00099487333403258074345	0.001327773391398010764	-0.0009138383054813227881	0.0012104830175611489777	-0.00083280327693006483275
-1	-2	2	-7.1241810583351665507e-05	-3.9033531460322579045e-05	-3.7028538884043355869e-06	-2.001079576849229535e-06	-3.9323759180080165799e-05	-2.1517845307010519481e-05
-1	-2	3	-9.8914607142758151851e-08	3.3360072965170959431e-06	-1.8299449304361835105e-07	4.7268444856285540435e-06	-1.5496786440999827583e-07	4.26323208925806801e-06
-1	-1	-3	4.3672895622594069427e-06	-3.265443812768690242e-06	2.7683347521401889649e-05	-2.0809148868700583684e-05	-1.0683545694553765813e-05	8.0248642271564249245e-06
-1	-1	-2	-0.0013122143902009959955	-0.00064942868000512161877	-0.0015704728530078833522	-0.00077728021549784980133	0.0014413436216044396739	0.00071335444775148565584
-1	-1	-1	4.9268937564392136956e-06	-3.8738237395716292326e-05	6.1347342198027808102e-07	5.9542912023913103733e-05	-5.5403671784194918825e-06	-2.0804674628196811407e-05
-1	-1	0	2.5408232815567698658e-05	-9.4869480034387066608e-06	-2.5408232815567698658e-05	9.4869480034387066608e-06	0.055224919524842236429	-0.028234792999440802563
-1	-1	1	2.2729793965843627523e-05	2.5239955782498010975e-05	-1.9176214625645930699e-05	-3.6819653986047039739e-05	3.553579340197696824e-06	-1.1579698203549032153e-05
-1	-1	2	0.00023941867782653906884	-0.0014456460351508007567	0.00028745244691731218403	-0.0017294926788001833886	0.00026343556237192562643	-0.0015875693569754921811
-1	-1	3	5.2053589242977225853e-06	-1.6483592194789439246e-06	3.3087985880635440155e-05	-1.031131320434154306e-05	1.2764448268311054529e-05	-3.9865574746068285712e-06
-1	0	-3	-2.9091086965860790526e-08	-1.7356974212735894314e-08	-1.2329349034512241954e-05	-8.2427208682863248497e-06	9.6970289886202629573e-09	5.7856580709119653228e-09
-1	0	-2	-3.9671757912234678954e-07	4.2071145282916123719e-06	-0.00010389947454424103615	0.00084152914582185777553	1.9835878956117339477e-07	-2.103557264145806186e-06
-1	0	-1	6.0175533858015512443e-05	3.4569082397957758279e-06	0.058185073171086398869	-0.020815644404323509903	-6.0175533858015512443e-05	-3.4569082397957758279e-06
-1	0	0	0	-0	0.2887852453138008979	0.27487366590337114491	0.00032854946281524779724	-4.080027825518988454e-06
-1	0	1	1.2952303776860329455e-05	-3.6719146766065709545e-05	0.017945897495047342246	-0.059197049242897231691	1.2952303776860329455e-05	-3.6719146766065709545e-05
-1	0	2	2.7514121953096666828e-06	1.2696233117736850318e-06	0.00083673655425563989857	-0.00014534534232533199288	1.3757060976548333414e-06	6.3481165588684251589e-07
-1	0	3	1.3575425109256896158e-09	2.118580174935529287e-08	8.8465821340706331461e-06	1.1922101158148567808e-05	4.5251417030856322249e-10	7.0619339164517640144e-09
-1	1	-3	-1.3809175280982878366e-06	5.4127477336335417943e-06	8.6559668600546068017e-06	-3.3540172761549512728e-05	3.3456281293842984951e-06	-1.2984306831727683711e-05
-1	1	-2	0.0014314012075549579269	-0.00031082232776112166941	-0.0017101966186049044789	0.00037135289990668576832	-0.0015707989130799313113	0.00034108761383390369176
-1	1	-1	-1.6824034109022210204e-05	-3.0588515965747164029e-05	-3.0754033078662575162e-05	-3.3273826118589590729e-05	-1.3929998969640368346e-05	-2.6853101528424237359e-06
-1	1	0	-1.0563601376960785955e-05	-4.2165003451648343832e-06	-1.0563601376960785955e-05	-4.2165003451648343832e-06	-0.025382769678930845042	0.05636724803481579088
-1	1	1	4.0316294801188748398e-05	9.5666079745243095183e-06	2.901149710287934794e-05	2.1345378563089282425e-05	1.130479769830939707e-05	-1.1778770588564971213e-05
-1	1	2	0.00071328717691994207844	0.0012800024790639722219	-0.00085356571087997872016	-0.0015291677244473320975	0.00078342644389996034509	0.0014045851017556521597
-1	1	3	-3.150879367423204754e-06	4.6037492468369386293e-06	1.943946508111075701e-05	-2.868986102877040022e-05	-7.5301148161779875371e-06	1.1097870091869112668e-05
-1	2	-3	3.3098255231579394552e-06	-2.9592367290657904391e-07	-4.7017382672903453451e-06	3.7126893409961431673e-07	-4.2377673525795438053e-06	3.4615384703526922579e-07
-1	2	-2	4.2599461039314164479e-05	6.9302501421056769931e-05	-2.1684215785632578427e-06	-3.5423232298702075952e-06	-2.3468152098220340082e-05	-3.8193573940398589596e-05
-1	2	-1	0.0009215777087324340984	-0.0014915469991976003719	0.0008458645148449877053	-0.0013693957112987341362	0.00077015132095754120379	-0.0012472444233998679006
-1	2	0	5.1429182829788646909e-05	4.9070629240572625712e-06	2.5714591414894323455e-05	2.4535314620286312856e-06	-1.4617446310431462989e-07	2.3342543912008239688e-07
-1	2	1	-0.00064920588613252480908	-0.0016281958221850384005	-0.00059618524542758791901	-0.0014944242280445002233	0.00054316460472265102894	0.0013606526339039620461
-1	2	2	5.395252283637758014e-05	-6.0887057981162875247e-05	-2.789273364042970473e-06	3.1043421981590927414e-06	2.9765534782231760119e-05	-3.3547871188740528248e-05
-1	2	3	-3.2058783735176327251e-06	-8.7325678569995839133e-07	4.5657009896487817709e-06	1.1862287715797348035e-06	-4.1124267842717319478e-06	-1.0819047762864759994e-06
-1	3	-3	-5.5986229199069259147e-08	-1.6738683509676721338e-07	-3.1797897867394900825e-07	-5.3358787905203602428e-07	-2.9931690227425925741e-07	-4.7779226735311364629e-07
-1	3	-2	1.7144224678685489845e-06	-2.1318780093210339902e-06	2.0436005062101549536e-06	-2.5187502296276777865e-06	2.2081895253809580441e-06	-2.7121863397809996846e-06
-1	3	-1	3.389727033452058139e-05	7.4576900870631707805e-06	1.3095305897549551916e-05	2.8827259296750330427e-06	5.3886473581280743591e-06	1.1904877019619285592e-06
-1	3	0	-5.1957759748189144272e-09	1.950794923010403111e-09	-1.7319253249396383492e-09	6.5026497433680103699e-10	1.9413426198980214349e-06	7.5962089876560387656e-06
-1	3	1	-2.6169645028683863477e-05	2.2785408038014502187e-05	-1.0106604065806912981e-05	8.8059010807649515823e-06	4.1501671687368754676e-06	-3.6322952042803525601e-06
-1	3	2	2.5194520314537199021e-06	1.0547086099615492963e-06	2.9964953918406758937e-06	1.2293138222774824697e-06	-3.2350170720341541013e-06	-1.3166164284354489506e-06
-1	3	3	1.5787439929436225669e-09	-1.8352370831309174862e-07	1.4941585289359668945e-08	-6.1680005866174731188e-07	-1.4415337291711794549e-08	5.556254892240500094e-07
0	-3	-3	4.2685553288600635314e-07	4.8223268635667466869e-07	-5.7174116314082477277e-09	2.2186545397384111053e-09	5.7174116314082477277e-09	-2.2186545397384111053e-09
0	-3	-2	-2.3893544436815186426e-10	1.4684285985176196674e-08	-5.0944387443193519875e-07	1.2909499120722896042e-06	7.64165811647902904e-07	-1.9364248681084344063e-06
0	-3	-1	1.4803008552471214678e-05	-1.3867899409456029519e-06	9.3496298135187356305e-09	-1.4858891838214623384e-09	-2.8048889440556208546e-08	4.4576675514643868084e-09
0	-3	0	2.6755035319868699671e-08	7.7419364739503573911e-09	0	-0	2.6116738107826710094e-09	3.3071986959322968971e-08
0	-3	1	-7.7145425851737419148e-06	1.2731357610713728548e-05	-6.1986318449392162621e-09	9.8932965522588771056e-09	-1.8595895534817647959e-08	2.9679889656776631317e-08
0	-3	2	-7.9911609116527019628e-09	-5.778552087817035281e-09	-1.3796286595963859248e-06	-1.1041326420659413061e-07	-2.0694429893945788872e-06	-1.6561989630989120253e-07
0	-3	3	2.4549196727642231848e-07	6.0030740808956905006e-07	1.0732777394325032517e-08	-1.2100950694462103023e-08	1.0732777394325032517e-08	-1.2100950694462103023e-08
0	-2	-3	4.4596155797473172808e-07	-8.1001533669843427019e-07	-6.2253413277170024586e-09	3.3274655860600666624e-09	4.1502275518113349724e-09	-2.2183103907067111082e-09
0	-2	-2	-8.4781295982192427656e-08	-3.7439145732656002408e-08	9.022626126020881997e-05	3.300103931148813878e-06	-9.022626126020881997e-05	-3.300103931148813878e-06
0	-2	-1	-0.00035475441185713291019	-0.00077180168250534479397	-1.0298395827992876932e-06	-1.7782987089140397722e-06	2.0596791655985753864e-06	3.5565974178280795443e-06
0	-2	0	5.4952237816983091021e-07	-4.1194510428903358919e-07	0	-0	-1.0846218065075936725e-06	3.4751810332037854422e-07
0	-2	1	-0.0008319540127162187949	-0.00017469984346320458347	-1.5129346058653307758e-06	-4.2104976167862909417e-07	-3.0258692117306615516e-06	-8.4209952335725818834e-07
0	-2	2	7.5625198834740971359e-08	2.3117918978544807254e-07	-2.3084511438172541459e-05	-8.728113946565123338e-05	-2.3084511438172541459e-05	-8.728113946565123338e-05
0	-2	3	-6.9400840283842172464e-07	6.1410007365584175562e-07	-5.0198368247383924764e-10	-5.8850550551914074625e-09	-3.3465578831589286622e-10	-3.9233700367942710902e-09
0	-1	-3	-7.7182655789916660859e-06	-1.2858664366636668856e-06	-1.1255971291439822955e-08	-1.1691009360908795815e-08	3.7519904304799409849e-09	3.8970031203029316626e-09
0	-1	-2	2.2047429544866975113e-06	4.3660435586414496147e-06	1.5935990785101347814e-05	4.9369624708632508495e-05	-7.9679953925506739068e-06	-2.4684812354316254247e-05
0	-1	-1	-0.044463635946677432242	0.042940444801416607912	5.7557772405278561503e-06	-1.1259499535112632565e-05	-5.7557772405278561503e-06	1.1259499535112632565e-05
0	-1	0	1.1931441117532009313e-05	6.587477614756356392e-05	0	-0	-0.37656322403521536035	-0.13188727560769064606
0	-1	1	-0.0080176903930749814781	-0.061322546850991491163	-7.7333235370257738078e-06	1.4598269765877298248e-05	-7.7333235370257738078e-06	1.4598269765877298248e-05
0	-1	2	-3.9473713439835522287e-06	1.9014645134597242144e-06	-4.2589878239195087578e-05	2.9469114277364476224e-05	-2.1294939119597543789e-05	1.4734557138682238112e-05
0	-1	3	-6.8454081837516132737e-06	-3.8089508941907469869e-06	-1.7006023592418765071e-08	2.1360758331116687595e-09	-5.6686745308062555751e-09	7.1202527770388955205e-10
0	0	-3	-7.0617672679967056044e-09	-7.378068921622997935e-09	-1.0658438833256815186e-07	-2.2084488275241127924e-07	0	-0
0	0	-2	4.7139878101631949037e-07	-1.4578684075054327745e-07	1.6307360275643340505e-06	2.1085840037196328537e-07	0	-0
0	0	-1	-0.35591144262491969386	-0.17922584436327856916	0.0008599294517693718571	0.00019021773556015552135	0	-0
0	0	1	-0.35591144262491969386	0.17922584436327856916	0.0008599294517693718571	-0.00019021773556015552135	0	0
0	0	2	4.7139878101631949037e-07	1.4578684075054327745e-07	1.6307360275643340505e-06	-2.1085840037196328537e-07	0	0
0	0	3	-7.0617672679967056044e-09	7.378068921622997935e-09	-1.0658438833256815186e-07	2.2084488275241127924e-07	0	0
0	1	-3	-6.8454081837516132737e-06	3.8089508941907469869e-06	-1.7006023592418765071e-08	-2.1360758331116687595e-09	-5.6686745308062555751e-09	-7.1202527770388955205e-10
0	1	-2	-3.9473713439835522287e-06	-1.9014645134597242144e-06	-4.2589878239195087578e-05	-2.9469114277364476224e-05	-2.1294939119597543789e-05	-1.4734557138682238112e-05
0	1	-1	-0.0080176903930749814781	0.061322546850991491163	-7.7333235370257738078e-06	-1.4598269765877298248e-05	-7.7333235370257738078e-06	-1.4598269765877298248e-05
0	1	0	1.1931441117532009313e-05	-6.587477614756356392e-05	0	0	-0.37656322403521536035	0.13188727560769064606
0	1	1	-0.044463635946677432242	-0.042940444801416607912	5.7557772405278561503e-06	1.1259499535112632565e-05	-5.7557772405278561503e-06	-1.1259499535112632565e-05
0	1	2	2.2047429544866975113e-06	-4.3660435586414496147e-06	1.5935990785101347814e-05	-4.9369624708632508495e-05	-7.9679953925506739068e-06	2.4684812354316254247e-05
0	1	3	-7.7182655789916660859e-06	1.2858664366636668856e-06	-1.1255971291439822955e-08	1.1691009360908795815e-08	3.7519904304799409849e-09	-3.8970031203029316626e-09
0	2	-3	-6.9400840283842172464e-07	-6.1410007365584175562e-07	-5.0198368247383924764e-10	5.8850550551914074625e-09	-3.3465578831589286622e-10	3.9233700367942710902e-09
0	2	-2	7.5625198834740971359e-08	-2.3117918978544807254e-07	-2.3084511438172541459e-05	8.728113946565123338e-05	-2.3084511438172541459e-05	8.728113946565123338e-05
0	2	-1	-0.0008319540127162187949	0.00017469984346320458347	-1.5129346058653307758e-06	4.2104976167862909417e-07	-3.0258692117306615516e-06	8.4209952335725818834e-07
0	2	0	5.4952237816983091021e-07	4.1194510428903358919e-07	0	0	-1.0846218065075936725e-06	-3.4751810332037854422e-07
0	2	1	-0.00035475441185713291019	0.00077180168250534479397	-1.0298395827992876932e-06	1.7782987089140397722e-06	2.0596791655985753864e-06	-3.5565974178280795443e-06
0	2	2	-8.4781295982192427656e-08	3.7439145732656002408e-08	9.022626126020881997e-05	-3.300103931148813878e-06	-9.022626126020881997e-05	3.300103931148813878e-06
0	2	3	4.4596155797473172808e-07	8.1001533669843427019e-07	-6.2253413277170024586e-09	-3.3274655860600666624e-09	4.1502275518113349724e-09	2.2183103907067111082e-09
0	3	-3	2.4549196727642231848e-07	-6.0030740808956905006e-07	1.0732777394325032517e-08	1.2100950694462103023e-08	1.0732777394325032517e-08	1.2100950694462103023e-08
0	3	-2	-7.9911609116527019628e-09	5.778552087817035281e-09	-1.3796286595963859248e-06	1.1041326420659413061e-07	-2.0694429893945788872e-06	1.6561989630989120253e-07
0	3	-1	-7.7145425851737419148e-06	-1.2731357610713728548e-05	-6.1986318449392162621e-09	-9.8932965522588771056e-09	-1.8595895534817647959e-08	-2.9679889656776631317e-08
0	3	0	2.6755035319868699671e-08	-7.7419364739503573911e-09	0	0	2.6116738107826710094e-09	-3.3071986959322968971e-08
0	3	1	1.4803008552471214678e-05	1.3867899409456029519e-06	9.3496298135187356305e-09	1.4858891838214623384e-09	-2.8048889440556208546e-08	-4.4576675514643868084e-09
0	3	2	-2.3893544436815186426e-10	-1.4684285985176196674e-08	-5.0944387443193519875e-07	-1.2909499120722896042e-06	7.64165811647902904e-07	1.9364248681084344063e-06
0	3	3	4.2685553288600635314e-07	-4.8223268635667466869e-07	-5.7174116314082477277e-09	-2.2186545397384111053e-09	5.7174116314082477277e-09	2.2186545397384111053e-09
1	-3	-3	1.5787439929436225669e-09	1.8352370831309174862e-07	1.4941585289359668945e-08	6.1680005866174731188e-07	-1.4415337291711794549e-08	-5.556254892240500094e-07
1	-3	-2	2.5194520314537199021e-06	-1.0547086099615492963e-06	2.9964953918406758937e-06	-1.2293138222774824697e-06	-3.2350170720341541013e-06	1.3166164284354489506e-06
1	-3	-1	-2.6169645028683863477e-05	-2.2785408038014502187e-05	-1.0106604065806912981e-05	-8.8059010807649515823e-06	4.1501671687368754676e-06	3.6322952042803525601e-06
1	-3	0	-5.1957759748189144272e-09	-1.950794923010403111e-09	-1.7319253249396383492e-09	-6.5026497433680103699e-10	1.9413426198980214349e-06	-7.5962089876560387656e-06
1	-3	1	3.389727033452058139e-05	-7.4576900870631707805e-06	1.3095305897549551916e-05	-2.8827259296750330427e-06	5.3886473581280743591e-06	-1.1904877019619285592e-06
1	-3	2	1.7144224678685489845e-06	2.1318780093210339902e-06	2.0436005062101549536e-06	2.5187502296276777865e-06	2.2081895253809580441e-06	2.7121863397809996846e-06
1	-3	3	-5.5986229199069259147e-08	1.6738683509676721338e-07	-3.1797897867394900825e-07	5.3358787905203602428e-07	-2.9931690227425925741e-07	4.7779226735311364629e-07
1	-2	-3	-3.2058783735176327251e-06	8.7325678569995839133e-07	4.5657009896487817709e-06	-1.1862287715797348035e-06	-4.1124267842717319478e-06	1.0819047762864759994e-06
1	-2	-2	5.395252283637758014e-05	6.0887057981162875247e-05	-2.789273364042970473e-06	-3.1043421981590927414e-06	2.9765534782231760119e-05	3.3547871188740528248e-05
1	-2	-1	-0.00064920588613252480908	0.0016281958221850384005	-0.00059618524542758791901	0.0014944242280445002233	0.00054316460472265102894	-0.0013606526339039620461
1	-2	0	5.1429182829788646909e-05	-4.9070629240572625712e-06	2.5714591414894323455e-05	-2.4535314620286312856e-06	-1.4617446310431462989e-07	-2.3342543912008239688e-07
1	-2	1	0.0009215777087324340984	0.0014915469991976003719	0.0008458645148449877053	0.0013693957112987341362	0.00077015132095754120379	0.0012472444233998679006
1	-2	2	4.2599461039314164479e-05	-6.9302501421056769931e-05	-2.1684215785632578427e-06	3.5423232298702075952e-06	-2.3468152098220340082e-05	3.8193573940398589596e-05
1	-2	3	3.3098255231579394552e-06	2.9592367290657904391e-07	-4.7017382672903453451e-06	-3.7126893409961431673e-07	-4.2377673525795438053e-06	-3.4615384703526922579e-07
1	-1	-3	-3.150879367423204754e-06	-4.6037492468369386293e-06	1.943946508111075701e-05	2.868986102877040022e-05	-7.5301148161779875371e-06	-1.1097870091869112668e-05
1	-1	-2	0.00071328717691994207844	-0.0012800024790639722219	-0.00085356571087997872016	0.0015291677244473320975	0.00078342644389996034509	-0.0014045851017556521597
1	-1	-1	4.0316294801188748398e-05	-9.5666079745243095183e-06	2.901149710287934794e-05	-2.1345378563089282425e-05	1.130479769830939707e-05	1.1778770588564971213e-05
1	-1	0	-1.0563601376960785955e-05	4.2165003451648343832e-06	-1.0563601376960785955e-05	4.2165003451648343832e-06	-0.025382769678930845042	-0.05636724803481579088
1	-1	1	-1.6824034109022210204e-05	3.0588515965747164029e-05	-3.0754033078662575162e-05	3.3273826118589590729e-05	-1.3929998969640368346e-05	2.6853101528424237359e-06
1	-1	2	0.0014314012075549579269	0.00031082232776112166941	-0.0017101966186049044789	-0.00037135289990668576832	-0.0015707989130799313113	-0.00034108761383390369176
1	-1	3	-1.3809175280982878366e-06	-5.4127477336335417943e-06	8.6559668600546068017e-06	3.3540172761549512728e-05	3.3456281293842984951e-06	1.2984306831727683711e-05
1	0	-3	1.3575425109256896158e-09	-2.118580174935529287e-08	8.8465821340706331461e-06	-1.1922101158148567808e-05	4.5251417030856322249e-10	-7.0619339164517640144e-09
1	0	-2	2.7514121953096666828e-06	-1.2696233117736850318e-06	0.00083673655425563989857	0.00014534534232533199288	1.3757060976548333414e-06	-6.3481165588684251589e-07
1	0	-1	1.2952303776860329455e-05	3.6719146766065709545e-05	0.017945897495047342246	0.059197049242897231691	1.2952303776860329455e-05	3.6719146766065709545e-05
1	0	0	0	0	0.2887852453138008979	-0.27487366590337114491	0.00032854946281524779724	4.080027825518988454e-06
1	0	1	6.0175533858015512443e-05	-3.4569082397957758279e-06	0.058185073171086398869	0.020815644404323509903	-6.0175533858015512443e-05	3.4569082397957758279e-06
1	0	2	-3.9671757912234678954e-07	-4.2071145282916123719e-06	-0.00010389947454424103615	-0.00084152914582185777553	1.9835878956117339477e-07	2.103557264145806186e-06
1	0	3	-2.9091086965860790526e-08	1.7356974212735894314e-08	-1.2329349034512241954e-05	8.2427208682863248497e-06	9.6970289886202629573e-09	-5.7856580709119653228e-09
1	1	-3	5.2053589242977225853e-06	1.6483592194789439246e-06	3.3087985880635440155e-05	1.031131320434154306e-05	1.2764448268311054529e-05	3.9865574746068285712e-06
1	1	-2	0.00023941867782653906884	0.0014456460351508007567	0.00028745244691731218403	0.0017294926788001833886	0.00026343556237192562643	0.0015875693569754921811
1	1	-1	2.2729793965843627523e-05	-2.5239955782498010975e-05	-1.9176214625645930699e-05	3.6819653986047039739e-05	3.553579340197696824e-06	1.1579698203549032153e-05
1	1	0	2.5408232815567698658e-05	9.4869480034387066608e-06	-2.5408232815567698658e-05	-9.4869480034387066608e-06	0.055224919524842236429	0.028234792999440802563
1	1	1	4.9268937564392136956e-06	3.8738237395716292326e-05	6.1347342198027808102e-07	-5.9542912023913103733e-05	-5.5403671784194918825e-06	2.0804674628196811407e-05
1	1	2	-0.0013122143902009959955	0.00064942868000512161877	-0.0015704728530078833522	0.00077728021549784980133	0.0014413436216044396739	-0.00071335444775148565584
1	1	3	4.3672895622594069427e-06	3.265443812768690242e-06	2.7683347521401889649e-05	2.0809148868700583684e-05	-1.0683545694553765813e-05	-8.0248642271564249245e-06
1	2	-3	-9.8914607142758151851e-08	-3.3360072965170959431e-06	-1.8299449304361835105e-07	-4.7268444856285540435e-06	-1.5496786440999827583e-07	-4.26323208925806801e-06
1	2	-2	-7.1241810583351665507e-05	3.9033531460322579045e-05	-3.7028538884043355869e-06	2.001079576849229535e-06	-3.9323759180080165799e-05	2.1517845307010519481e-05
1	2	-1	-0.0014450637652348727671	-0.00099487333403258074345	0.001327773391398010764	0.0009138383054813227881	0.0012104830175611489777	0.00083280327693006483275
1	2	0	-7.3559940953135908995e-06	4.910661409276200688e-05	3.6779970476567954498e-06	-2.455330704638100344e-05	-1.5478623698524233678e-07	3.143999115547720152e-07
1	2	1	-0.0016594334551463052821	0.00056864709464351831554	0.0015246466995203868718	-0.0005226099457558261354	-0.0013898599438944686784	0.00047657279686813395526
1	2	2	5.808595772472376973e-05	5.6762220739006462907e-05	2.9631923915987107244e-06	2.9115563673069791496e-06	-3.2006171253960595589e-05	-3.1292666736810209756e-05
1	2	3	-1.0031118923661252481e-06	3.189493663094145708e-06	-1.4402749435211870515e-06	4.4884082265576442122e-06	1.2945539264694997837e-06	-4.0554367054031442873e-06
1	3	-3	-1.9922197573272476322e-07	7.4325662710554463945e-08	5.7956994195228890623e-07	-1.6536170032004006245e-07	5.1316261670804737143e-07	-1.4058647941652189015e-07
1	3	-2	2.0327548095935017077e-06	1.8508860793854615496e-06	-2.4078319042153849738e-06	-2.1723288647069371183e-06	-2.5953704515263261834e-06	-2.3330502573676750085e-06
1	3	-1	9.1363909103115282899e-06	-3.3537926180368334873e-05	-3.5289249019549100191e-06	1.2970206944794355672e-05	-1.4503837955532011321e-06	5.3726946540147304496e-06
1	3	0	-1.4509210976281066698e-09	5.6564026439592791186e-09	4.8364036587603552213e-10	-1.8854675479864266486e-09	7.7111200812777963744e-06	-1.5683728732776942993e-06
1	3	1	2.1498962796417271773e-05	2.7306069977368774434e-05	-8.3109255273346918088e-06	-1.0559388392882147859e-05	3.4338137855868015363e-06	4.3720952012776716838e-06
1	3	2	-1.1565358197857817507e-06	2.5005667437010480839e-06	1.3760518358792324045e-06	-2.9388278115001889554e-06	-1.4858098439259576256e-06	3.1579583453997598147e-06
1	3	3	-1.9837401706930620332e-07	3.6803202746120876644e-08	6.3222621841245092405e-07	-4.7219017154280886821e-08	-5.6610154605601552294e-07	3.4951282905573925734e-08
2	-3	-3	3.7332677001972576073e-07	3.4571832379551924713e-06	1.004815066588216011e-06	2.9157744178220721018e-06	-7.5593055324173209996e-07	-6.1098559251861031311e-07
2	-3	-2	-2.1925276501882481011e-07	-7.9338860657992106587e-07	-1.9864086739286309809e-07	-3.3966300504356989958e-07	7.8708536070469850254e-08	-2.8389409901456619004e-07
2	-3	-1	-2.4057439379397950544e-07	-4.7195182582930118162e-06	-2.0309626512255318966e-07	-4.2554008000353630881e-06	1.2814000777970053163e-07	3.3271658835200652083e-06
2	-3	0	-7.6277527439353221607e-09	-3.6544604458767990728e-09	-5.0851684959568814405e-09	-2.4363069639178660485e-09	-8.0598020106913213853e-07	4.4920977511065893999e-07
2	-3	1	3.902564661028141128e-06	2.6653084526717084346e-06	3.5235734471272818967e-06	2.3972117039187265508e-06	2.7655910193255621636e-06	1.8610182064127625714e-06
2	-3	2	-4.0225074609476953846e-07	-5.7188313537765016869e-07	-1.8847881881488731042e-07	-3.3364676472338359444e-07	1.1953251787243854636e-07	7.1412988292574777032e-08
2	-3	3	-2.9145136596832340353e-06	-2.0869556362669967425e-06	-2.3604907352786031675e-06	-2.767845189881390209e-06	-4.1748162882311398713e-07	-1.3765414323700587649e-06
2	-2	-3	-2.2470231066159060355e-07	3.4007811912727714711e-07	-7.4854841522674720981e-07	-7.8121653962792508031e-08	3.4923073637677108848e-07	2.787998487267130946e-07
2	-2	-2	-1.186577588708108546e-06	-6.5526355435106072656e-08	-8.7073672038942211405e-07	-3.0740720811121543379e-07	-3.1584086831868637902e-07	2.418808526761093876e-07
2	-2	-1	3.8375432336791117548e-06	-1.5141198097408580062e-06	4.1593763166390305356e-05	-1.6616254766818486319e-05	-7.5512439865422397367e-05	3.0204269914155253238e-05
2	-2	0	6.7604544124808725884e-05	5.9669390700870799543e-05	6.7604544124808725884e-05	5.9669390700870799543e-05	-2.1895238231231138754e-08	-1.5404330080351894044e-08
2	-2	1	1.0180980093658065522e-06	-4.0015321860189458051e-06	1.1330173161802823659e-05	-4.3299504531846538108e-05	2.062415030487403379e-05	-7.85959446916551863e-05
2	-2	2	-1.2683099291356360344e-07	-7.7118065122706680217e-07	-4.7656574068367215186e-07	-8.4705534291006194621e-07	-3.4973474777010854842e-07	-7.5874691682995157265e-08
2	-2	3	-2.4992318857826359722e-07	2.2741672003664271898e-07	1.2828035210639558444e-07	8.1002243707701927243e-07	2.5213569378977280542e-07	3.8840381136025107093e-07
2	-1	-3	7.23674949138367835e-07	-3.4173992363242826165e-06	-5.9025656165364607259e-07	2.6664582674025923535e-06	6.7920215331012731812e-07	-3.1670855800170523877e-06
2	-1	-2	4.3517859954871605278e-05	-1.1180295448420724577e-05	7.8782686122462101215e-05	-2.0245846822876029428e-05	4.1265168936405597532e-06	-1.0573720369827090156e-06
2	-1	-1	0.0010581714792961950753	0.0012121096146393052235	0.00096402025704518299297	0.0011045479791007754931	0.0011523227015472069408	0.0013196712501778349539
2	-1	0	4.6714334316794163573e-07	-2.8727378710814776743e-07	9.3428668633588327146e-07	-5.7454757421629553486e-07	-0.00032059569884522297204	0.00078586518893234845635
2	-1	1	-0.0016031311328782086971	0.00012834810159400957051	-0.0014601269873115219934	0.00011695253706504854909	0.0017461352784448954008	-0.00013974366612297059193
2	-1	2	2.3330407013307953427e-05	3.8387762231975884651e-05	4.2229146629090242801e-05	6.9407986885749263289e-05	-2.215833698762830756e-06	-3.6837687891012580891e-06
2	-1	3	1.8559600003288224823e-06	-2.9555970593157723424e-06	-1.4295747849996837943e-06	2.3211800146282303954e-06	-1.7138315952191095863e-06	2.7441247110865918346e-06
2	0	-3	-2.0568161549842212512e-06	2.5260046580649571533e-07	-1.4598696374512611262e-08	8.7572960952071322487e-09	-1.3712107699894809047e-06	1.6840031053766381022e-07
2	0	-2	-5.0133095331261957233e-05	-7.5094185984977211809e-05	-1.1698830059490410582e-07	-6.3808199307273329994e-08	-5.0133095331261957233e-05	-7.5094185984977211809e-05
2	0	-1	-1.2842436162207830286e-05	2.241555160181552526e-05	1.2681581164865364559e-06	8.8960739583186137948e-07	-2.5684872324415660571e-05	4.4831103203631050521e-05
2	0	0	0	0	2.8312946260564594995e-06	-4.6636399199306240682e-07	-1.9802956479234026056e-06	6.6960550093238745824e-07
2	0	1	1.0623307964155871941e-05	2.3804943262635955883e-05	6.9604087181415315392e-07	2.7791189053158336697e-06	-2.1246615928311743881e-05	-4.7609886525271911766e-05
2	0	2	-5.7228792661766819303e-05	6.970623917388318587e-05	1.0886378221952946426e-07	3.8790953023343699931e-08	5.7228792661766819303e-05	-6.970623917388318587e-05
2	0	3	2.0202582641350672009e-06	4.5496575427125706704e-07	1.8413835161589059991e-08	1.870390138917726806e-09	-1.3468388427567115378e-06	-3.0331050284750474665e-07
2	1	-3	-1.5316879670460374682e-06	-3.1337183291876021862e-06	-1.2205183733024799659e-06	-2.4513079939593260343e-06	-1.4279647691315183007e-06	-2.9062482174448431865e-06
2	1	-2	2.6919512177079377949e-05	-3.5754662636693159718e-05	-4.8826461808024001045e-05	6.4876587361538333551e-05	2.5062812730673757325e-06	-3.3163689559239920953e-06
2	1	-1	0.0015866164609342223255	0.00028624288652386606444	-0.0014458173559029233006	-0.00026055232561811064902	0.0017274155659655213504	0.00031193344742962153407
2	1	0	-2.4698787832773467152e-07	2.5405891756618729074e-07	4.9397575665546934304e-07	-5.0811783513237458149e-07	0.00024300658767106519628	0.0008186868876653784861
2	1	1	-0.001173763836056019097	0.0011027777574101366598	0.0010694869873270494622	-0.0010047756254465464026	0.0012780406847849887318	-0.0012007798893737267002
2	1	2	4.1978204145429988609e-05	1.5311867444887116189e-05	-7.6240118219666222444e-05	-2.7856939480219197844e-05	-3.8581450355968756929e-06	-1.383397704777517902e-06
2	1	3	-4.1384690548889340085e-07	-3.4615951007897794894e-06	-3.1118857239817174305e-07	-2.7068436341387547544e-06	3.7962746112531949727e-07	3.2100112785727711032e-06
2	2	-3	-2.5106346366652566176e-07	-1.728747245993064581e-07	5.9026609870335078591e-07	-1.9448716374267120443e-07	2.2613509002455010041e-07	-2.4490792556131844168e-07
2	2	-2	-1.3473505869699396508e-08	-8.5747688178986906377e-07	-1.3553684723363607097e-07	7.1424764967839813879e-07	-1.4901035310333547078e-07	-1.4322923211147092498e-07
2	2	-1	-6.4902832012720569023e-07	-4.0897158966328412427e-06	7.0850881508855438723e-06	4.4299033149105141783e-05	1.2872119661516677423e-05	8.0418634504944599387e-05
2	2	0	7.3302095728785152617e-05	-5.2835932114121048119e-05	-7.3302095728785152617e-05	5.2835932114121048119e-05	-7.4847431212864829322e-08	6.1476830676130809229e-08
2	2	1	-3.7633434465823214743e-06	-1.9771603637795674057e-06	3.9886344510526799772e-05	2.0787898543468677688e-05	-7.2246002127888955748e-05	-3.7621476359378217176e-05
2	2	2	7.6833402047515538346e-07	5.9297393943240946282e-07	-4.2409423577692222145e-07	-5.3415794469382249441e-07	-3.4423978469823316201e-07	-5.8815994738587021355e-08
2	2	3	7.8861083458058600168e-08	-3.0500494750131617533e-07	-6.265423963717189334e-07	4.4353848708120439087e-07	3.651208752757735202e-07	-9.2355693053258805948e-08
2	3	-3	3.3611309486598992547e-07	2.7454640657415563784e-06	9.4113407221026196472e-07	-2.2861906371106094207e-06	1.1652094687875887229e-06	-4.5588125994957178215e-07
2	3	-2	4.6376522709616690651e-07	4.0393847173989494097e-07	-1.9316850880505506918e-07	-3.5124547002606458407e-07	1.7401246388858427626e-07	-1.2292973329920193513e-07
2	3	-1	-4.197281691248325709e-06	2.2404625737053531896e-06	3.7767017633357980851e-06	-2.0265452183495610899e-06	2.9355419075107419904e-06	-1.5987105076379773142e-06
2	3	0	1.5347576677190085092e-10	-6.9951575636834397692e-09	-1.023171778479338963e-10	4.6634383757889595704e-09	7.6815319332908007711e-07	5.3462320651507696503e-07
2	3	1	6.5524673327500682414e-07	-4.7160189651210049138e-06	-5.9899326722581404518e-07	4.2441156723519936925e-06	4.8648633512742827551e-07	-3.3003090868139716732e-06
2	3	2	-3.3150929964254080403e-07	-3.0408045051680322799e-07	2.7150357640599566755e-07	2.8884008711666214785e-08	-7.5746064966452657591e-08	2.6075443744930391904e-07
2	3	3	3.0934492017104988227e-06	9.8438607732093935344e-07	-2.1429905611415091599e-06	-4.0173501109788032551e-07	8.0691093334509957966e-08	-2.5452237378274591012e-07
3	-3	-3	-1.1256150393794377199e-07	3.2031452348769037315e-07	-9.3210349345331396142e-08	6.8761967443254713629e-08	-1.9351154592612382467e-08	2.5155255604443567276e-07
3	-3	-2	4.7169979576333079062e-06	-1.5823954490053462504e-06	2.7582626664974139705e-06	8.2644563795231270481e-08	2.9381029367038411153e-06	-2.4975600192008666055e-06
3	-3	-1	-4.8500237907164656231e-07	3.575691924805804204e-07	-4.5309135565627443846e-07	2.8422025078766318401e-07	-9.5733070246116225964e-08	2.2004682507875173564e-07
3	-3	0	9.061767676189520783e-09	-3.0673801295203647913e-08	9.061767676189520783e-09	-3.0673801295203647913e-08	6.1782076604744886208e-07	1.8657123572329296357e-07
3	-3	1	-1.6877766148467955023e-07	-5.7425411707487670916e-07	-1.8322215537843531974e-07	-4.9256873467828252671e-07	-4.3333481681267334995e-08	2.450561471897823356e-07
3	-3	2	-2.2132876625258846181e-06	-2.8242762705989224957e-06	-2.0512464549380586041e-06	-1.0269960590852183659e-06	2.430618113817391797e-07	2.6959203172705560889e-06
3	-3	3	5.3733568333021317697e-08	-3.1056517159182638062e-07	-3.9502619373601808777e-08	-2.231107863728124823e-07	-9.3236187706623119857e-08	8.7454385219013911546e-08
3	-2	-3	-1.3452680247773825998e-06	1.5262856887875255667e-06	7.1388367121803868127e-07	1.9827702005568785259e-07	-1.8211904722560751952e-06	1.3941010087504002258e-06
3	-2	-2	-1.0848045662917094045e-07	4.5035415833946190154e-07	-2.0345844443591815141e-08	1.67503870878275672e-07	-1.4237484050016459553e-07	5.0802736663091715383e-07
3	-2	-1	-2.9364214145311780932e-06	-1.3611287585547133082e-06	-3.162992641371401422e-06	-1.4653086164560786359e-06	-2.4832789608507322828e-06	-1.152769042751982653e-06
3	-2	0	-5.4328403386564384612e-08	-1.3876518470633625027e-06	-8.1492605079846576918e-08	-2.0814777705950435423e-06	2.1569017230896520161e-09	4.0652992341563758816e-09
3	-2	1	-2.8290068166226040401e-06	1.5687133272538668597e-06	-3.045196484075443989e-06	1.692407099718787193e-06	2.3966274817169241423e-06	-1.3213257823240266166e-06
3	-2	2	1.9682341268081133463e-07	3.5640282328075268187e-07	-1.4378960885245741979e-09	2.5284984318236757384e-07	-2.9667301510974158917e-07	-2.817543917387614225e-07
3	-2	3	-4.3862517968859499708e-07	-1.3836018309617614913e-06	-6.1459982528678705026e-07	-2.1836620229831264552e-07	2.8891962830736959163e-08	1.2380243627628864825e-06
3	-1	-3	3.9155450764644884809e-07	-3.2107953243178680756e-07	-2.2729372048542252547e-07	1.490190376224249636e-08	4.6731908114158968991e-07	-3.2604683368586760218e-07
3	-1	-2	3.610666127875453501e-06	2.2674399020251020285e-06	2.8119194435572083824e-06	1.7640913476656514612e-06	4.0100394700345758485e-06	2.519114179204827418e-06
3	-1	-1	1.2430706786041176069e-06	-1.3349508744670032074e-05	5.2558514592485293552e-07	-5.5201261516450608912e-06	3.203626889887500097e-06	-3.4528400082365036177e-05
3	-1	0	-3.8124372678788034292e-09	7.1192128371795886339e-10	-1.1437311803636410288e-08	2.1357638511538764868e-09	1.3805681934387714635e-05	-5.4109767966406021784e-06
3	-1	1	9.9788834258795858933e-06	8.9237986448396524979e-06	4.1100413479686598821e-06	3.658572930992131661e-06	-2.5826608929670097798e-05	-2.311282300352682795e-05
3	-1	2	-1.1076107338151064377e-06	4.1107522524145537036e-06	-8.5493591256265613898e-07	3.2011348902858057267e-06	1.2339481444413313753e-06	-4.5655609334789272686e-06
3	-1	3	4.9180071073325093658e-07	-8.0381596855394884625e-08	-1.7881867059298953071e-07	1.0475923557409563564e-07	-5.5140693426424747329e-07	1.1530134204676010092e-07
3	0	-3	-6.6632141409369355124e-09	1.927892467415800509e-08	-5.0690778268076994051e-07	-4.1523051885795185658e-07	-6.6632141409369355124e-09	1.927892467415800509e-08
3	0	-2	9.5533489487018624258e-10	1.1941516335655262955e-08	2.0327446222647117858e-07	-9.0327618982450019534e-07	1.4330023423052791571e-09	1.791227450348289526e-08
3	0	-1	-3.4100928142719867478e-09	8.1257486902674187477e-10	7.6191087402345887122e-06	-1.9030683455876800207e-06	-1.0230278442815959416e-08	2.4377246070802255209e-09
3	0	0	0	0	-2.1528443155923593316e-08	-2.7806701394932135261e-08	-3.327832498655374948e-09	6.9670973574586107016e-08
3	0	1	-3.0367084361901683606e-10	9.8296044766426283206e-10	3.0058188222904911868e-06	-7.2537776751765940057e-06	9.1101253085705045647e-10	-2.948881342992788703e-09
3	0	2	1.3039303971717192154e-08	-2.3920499531764569017e-09	-9.2058708947490309242e-07	6.822572535650088116e-08	-1.9558955957575788231e-08	3.5880749297646851458e-09
3	0	3	-1.9040217548371184884e-08	-3.8265688122497017486e-10	3.3432581860969968913e-07	5.6869657225619782973e-07	1.9040217548371184884e-08	3.8265688122497017486e-10
3	1	-3	-2.2867033933852310425e-07	5.0779093089668512673e-07	4.740917665596682643e-09	1.9241849151453567339e-07	-2.270900334499908767e-07	5.7193042806819698257e-07
3	1	-2	-4.2432380952877685404e-06	4.9843282530259280693e-07	3.3206858690118369826e-06	-3.92512125843779538e-07	-4.7045142084257334723e-06	5.5139317503199946786e-07
3	1	-1	7.3845523803643927708e-06	1.1205341874264847891e-05	-3.0526525372504321726e-06	-4.6065126676724731816e-06	1.9101004603842744022e-05	2.9009512955122073032e-05
3	1	0	-2.0226935173464767012e-09	2.2945836547005395225e-09	6.06808055203942969e-09	-6.8837509641016185676e-09	-7.4374372745986266027e-06	1.2943606323230910716e-05
3	1	1	-1.3397639042229957817e-05	-7.5604643226726676544e-07	5.5387271625977461427e-06	3.2385672865952762495e-07	3.4654189964092129003e-05	1.9442825681422727772e-06
3	1	2	-1.6962144165009225244e-06	-3.9122249944511393088e-06	1.3304297279615828755e-06	3.0497555253665458115e-06	1.8791067607705923488e-06	4.3434597289934362692e-06
3	1	3	-3.0772379379337997461e-07	4.5909753003163050156e-07	-1.518465636184580883e-07	7.4219650714250685827e-08	3.5833931499953267071e-07	-4.8383741360304744537e-07
3	2	-3	-2.3925003469310894801e-07	9.6239742882096114334e-07	1.7096626836245895644e-06	1.3429149507068737789e-07	9.0052508772328413025e-07	1.05192509220141936e-06
3	2	-2	-2.1339211359025923933e-08	-4.8473043706348921936e-07	-1.096474913724065156e-07	5.6089225593451369214e-08	-1.4165630841094540646e-07	-6.7100643000178251938e-07
3	2	-1	1.963769731018794541e-06	-2.5921240086340702099e-06	-2.1156599942859746928e-06	2.7930510478447082381e-06	1.6599892044844346609e-06	-2.1902699302127945771e-06
3	2	0	1.3539477336542676304e-06	2.5516350366539887285e-07	-2.0309216004814013396e-06	-3.8274525549809830928e-07	7.2195844092841514892e-10	-4.5339426031932519258e-10
3	2	1	-8.9646060149223109971e-07	-3.1217186722865009311e-06	9.676896822891797112e-07	3.3636122758923856608e-06	7.5400243989833355907e-07	2.6379314650747314717e-06
3	2	2	-2.5043827630333039063e-07	4.9039058934668524338e-07	7.5063383239629420727e-08	-9.1380525646064361984e-08	3.0059403121536615198e-07	-6.4420535837396352955e-07
3	2	3	-3.6598195597415882508e-07	1.2562397264242136247e-06	-1.492339744530166027e-06	4.550467846974005758e-07	1.3608751189942696333e-06	-1.5596042495558140439e-06
3	3	-3	3.388966217830858992e-07	-1.5670354313712000439e-07	-2.0147836479688541661e-07	5.0737312709610209229e-08	1.3741825698620048259e-07	-1.0596623042750978193e-07
3	3	-2	-3.2430598456597643892e-06	-1.7330045758206662338e-06	2.2281582230857700014e-06	4.5562383923404272311e-07	-1.5223524338609915816e-06	-1.9160711048799350543e-06
3	3	-1	-5.7080285100589510593e-07	-1.1456606791245724253e-07	5.0844659270883264206e-07	7.0224670785747879334e-08	-1.8706877489118725925e-07	-1.3302419138012807636e-07
3	3	0	-2.386188522131223767e-08	-2.4465129196708605355e-09	2.386188522131223767e-08	2.4465129196708605355e-09	1.0238514288694180344e-07	6.5068750662967599901e-07
3	3	1	4.8093090635610748416e-07	-2.6282168292656270412e-07	-4.2013105008718064232e-07	2.0220150827707280346e-07	-1.8239956880678052551e-07	1.8186052394846964903e-07
3	3	2	-3.7402109386036162915e-06	1.5900618478849400161e-06	2.6276241693562412545e-06	-3.5687455233921349514e-07	1.6688801538710625555e-06	-1.849780943318589702e-06
3	3	3	-2.87527112091590295e-07	-1.7806902547475851521e-07	7.6355146415741860646e-08	8.4570110329240182175e-08	2.1117196567584842111e-07	9.3498915145518319804e-08
