# cyclic three-vector Krylov trajectory ansatz; candidate_lemma_proved=false
kx	ky	kz	ux_re	ux_im	uy_re	uy_im	uz_re	uz_im
-3	-3	-3	0	0	0	0	0	0
-3	-3	-2	0	0	0	0	0	0
-3	-3	-1	0	0	0	0	0	0
-3	-3	0	0	0	0	0	0	0
-3	-3	1	0	0	0	0	0	0
-3	-3	2	0	0	0	0	0	0
-3	-3	3	0	0	0	0	0	0
-3	-2	-3	0	0	0	0	0	0
-3	-2	-2	0	0	0	0	0	0
-3	-2	-1	0	0	0	0	0	0
-3	-2	0	0	0	0	0	0	0
-3	-2	1	0	0	0	0	0	0
-3	-2	2	0	0	0	0	0	0
-3	-2	3	0	0	0	0	0	0
-3	-1	-3	0	0	0	0	0	0
-3	-1	-2	0	0	0	0	0	0
-3	-1	-1	0	0	0	0	0	0
-3	-1	0	0	0	0	0	0	0
-3	-1	1	0	0	0	0	0	0
-3	-1	2	0	0	0	0	0	0
-3	-1	3	0	0	0	0	0	0
-3	0	-3	0	0	0	0	0	0
-3	0	-2	0	0	0	0	0	0
-3	0	-1	0	0	0	0	0	0
-3	0	0	0	0	0	0	0	0
-3	0	1	0	0	0	0	0	0
-3	0	2	0	0	0	0	0	0
-3	0	3	0	0	0	0	0	0
-3	1	-3	0	0	0	0	0	0
-3	1	-2	0	0	0	0	0	0
-3	1	-1	0	0	0	0	0	0
-3	1	0	0	0	0	0	0	0
-3	1	1	0	0	0	0	0	0
-3	1	2	0	0	0	0	0	0
-3	1	3	0	0	0	0	0	0
-3	2	-3	0	0	0	0	0	0
-3	2	-2	0	0	0	0	0	0
-3	2	-1	0	0	0	0	0	0
-3	2	0	0	0	0	0	0	0
-3	2	1	0	0	0	0	0	0
-3	2	2	0	0	0	0	0	0
-3	2	3	0	0	0	0	0	0
-3	3	-3	0	0	0	0	0	0
-3	3	-2	0	0	0	0	0	0
-3	3	-1	0	0	0	0	0	0
-3	3	0	0	0	0	0	0	0
-3	3	1	0	0	0	0	0	0
-3	3	2	0	0	0	0	0	0
-3	3	3	0	0	0	0	0	0
-2	-3	-3	0	0	0	0	0	0
-2	-3	-2	0	0	0	0	0	0
-2	-3	-1	0	0	0	0	0	0
-2	-3	0	0	0	0	0	0	0
-2	-3	1	0	0	0	0	0	0
-2	-3	2	0	0	0	0	0	0
-2	-3	3	0	0	0	0	0	0
-2	-2	-3	0	0	0	0	0	0
-2	-2	-2	0	0	0	0	0	0
-2	-2	-1	0	0	0	0	0	0
-2	-2	0	0	0	0	0	0	0
-2	-2	1	0	0	0	0	0	0
-2	-2	2	0	0	0	0	0	0
-2	-2	3	0	0	0	0	0	0
-2	-1	-3	0	0	0	0	0	0
-2	-1	-2	0	0	0	0	0	0
-2	-1	-1	0	0	0	0	0	0
-2	-1	0	0	0	0	0	0	0
-2	-1	1	0	0	0	0	0	0
-2	-1	2	0	0	0	0	0	0
-2	-1	3	0	0	0	0	0	0
-2	0	-3	0	0	0	0	0	0
-2	0	-2	0	0	0	0	0	0
-2	0	-1	0	0	-0.0010871581138039477805	0	0	0
-2	0	0	0	0	0	0	0	0
-2	0	1	0	0	-0.0010871581138039477805	0	0	0
-2	0	2	0	0	0	0	0	0
-2	0	3	0	0	0	0	0	0
-2	1	-3	0	0	0	0	0	0
-2	1	-2	0	0	0	0	0	0
-2	1	-1	0	0	0	0	0	0
-2	1	0	0	0	0	0	0	0
-2	1	1	0	0	0	0	0	0
-2	1	2	0	0	0	0	0	0
-2	1	3	0	0	0	0	0	0
-2	2	-3	0	0	0	0	0	0
-2	2	-2	0	0	0	0	0	0
-2	2	-1	0	0	0	0	0	0
-2	2	0	0	0	0	0	0	0
-2	2	1	0	0	0	0	0	0
-2	2	2	0	0	0	0	0	0
-2	2	3	0	0	0	0	0	0
-2	3	-3	0	0	0	0	0	0
-2	3	-2	0	0	0	0	0	0
-2	3	-1	0	0	0	0	0	0
-2	3	0	0	0	0	0	0	0
-2	3	1	0	0	0	0	0	0
-2	3	2	0	0	0	0	0	0
-2	3	3	0	0	0	0	0	0
-1	-3	-3	0	0	0	0	0	0
-1	-3	-2	0	0	0	0	0	0
-1	-3	-1	0	0	0	0	0	0
-1	-3	0	0	0	0	0	0	0
-1	-3	1	0	0	0	0	0	0
-1	-3	2	0	0	0	0	0	0
-1	-3	3	0	0	0	0	0	0
-1	-2	-3	0	0	0	0	0	0
-1	-2	-2	0	0	0	0	0	0
-1	-2	-1	0	0	0	0	0	0
-1	-2	0	0	0	0	0	-0.0010871581138039477805	0
-1	-2	1	0	0	0	0	0	0
-1	-2	2	0	0	0	0	0	0
-1	-2	3	0	0	0	0	0	0
-1	-1	-3	0	0	0	0	0	0
-1	-1	-2	0	0	0	0	0	0
-1	-1	-1	0	0	0	0	0	0
-1	-1	0	0	0	0	0	0	0.055348334349336093807
-1	-1	1	0	0	0	0	0	0
-1	-1	2	0	0	0	0	0	0
-1	-1	3	0	0	0	0	0	0
-1	0	-3	0	0	0	0	0	0
-1	0	-2	0	0	0	0	0	0
-1	0	-1	0	0	0	0.055348334349336093807	0	0
-1	0	0	0	0	0	0	-0.40067122009279138029	0
-1	0	1	0	0	0	-0.055348334349336093807	0	0
-1	0	2	0	0	0	0	0	0
-1	0	3	0	0	0	0	0	0
-1	1	-3	0	0	0	0	0	0
-1	1	-2	0	0	0	0	0	0
-1	1	-1	0	0	0	0	0	0
-1	1	0	0	0	0	0	0	0.055348334349336093807
-1	1	1	0	0	0	0	0	0
-1	1	2	0	0	0	0	0	0
-1	1	3	0	0	0	0	0	0
-1	2	-3	0	0	0	0	0	0
-1	2	-2	0	0	0	0	0	0
-1	2	-1	0	0	0	0	0	0
-1	2	0	0	0	0	0	-0.0010871581138039477805	0
-1	2	1	0	0	0	0	0	0
-1	2	2	0	0	0	0	0	0
-1	2	3	0	0	0	0	0	0
-1	3	-3	0	0	0	0	0	0
-1	3	-2	0	0	0	0	0	0
-1	3	-1	0	0	0	0	0	0
-1	3	0	0	0	0	0	0	0
-1	3	1	0	0	0	0	0	0
-1	3	2	0	0	0	0	0	0
-1	3	3	0	0	0	0	0	0
0	-3	-3	0	0	0	0	0	0
0	-3	-2	0	0	0	0	0	0
0	-3	-1	0	0	0	0	0	0
0	-3	0	0	0	0	0	0	0
0	-3	1	0	0	0	0	0	0
0	-3	2	0	0	0	0	0	0
0	-3	3	0	0	0	0	0	0
0	-2	-3	0	0	0	0	0	0
0	-2	-2	0	0	0	0	0	0
0	-2	-1	0	0	0	0	0	0
0	-2	0	0	0	0	0	0	0
0	-2	1	0	0	0	0	0	0
0	-2	2	0	0	0	0	0	0
0	-2	3	0	0	0	0	0	0
0	-1	-3	0	0	0	0	0	0
0	-1	-2	-0.0010871581138039477805	0	0	0	0	0
0	-1	-1	0	0.055348334349336093807	0	0	0	0
0	-1	0	-0.40067122009279138029	0	0	0	0	0
0	-1	1	0	0.055348334349336093807	0	0	0	0
0	-1	2	-0.0010871581138039477805	0	0	0	0	0
0	-1	3	0	0	0	0	0	0
0	0	-3	0	0	0	0	0	0
0	0	-2	0	0	0	0	0	0
0	0	-1	0	0	-0.40067122009279138029	0	0	0
0	0	1	0	0	-0.40067122009279138029	0	0	0
0	0	2	0	0	0	0	0	0
0	0	3	0	0	0	0	0	0
0	1	-3	0	0	0	0	0	0
0	1	-2	-0.0010871581138039477805	0	0	0	0	0
0	1	-1	0	-0.055348334349336093807	0	0	0	0
0	1	0	-0.40067122009279138029	0	0	0	0	0
0	1	1	0	-0.055348334349336093807	0	0	0	0
0	1	2	-0.0010871581138039477805	0	0	0	0	0
0	1	3	0	0	0	0	0	0
0	2	-3	0	0	0	0	0	0
0	2	-2	0	0	0	0	0	0
0	2	-1	0	0	0	0	0	0
0	2	0	0	0	0	0	0	0
0	2	1	0	0	0	0	0	0
0	2	2	0	0	0	0	0	0
0	2	3	0	0	0	0	0	0
0	3	-3	0	0	0	0	0	0
0	3	-2	0	0	0	0	0	0
0	3	-1	0	0	0	0	0	0
0	3	0	0	0	0	0	0	0
0	3	1	0	0	0	0	0	0
0	3	2	0	0	0	0	0	0
0	3	3	0	0	0	0	0	0
1	-3	-3	0	0	0	0	0	0
1	-3	-2	0	0	0	0	0	0
1	-3	-1	0	0	0	0	0	0
1	-3	0	0	0	0	0	0	0
1	-3	1	0	0	0	0	0	0
1	-3	2	0	0	0	0	0	0
1	-3	3	0	0	0	0	0	0
1	-2	-3	0	0	0	0	0	0
1	-2	-2	0	0	0	0	0	0
1	-2	-1	0	0	0	0	0	0
1	-2	0	0	0	0	0	-0.0010871581138039477805	0
1	-2	1	0	0	0	0	0	0
1	-2	2	0	0	0	0	0	0
1	-2	3	0	0	0	0	0	0
1	-1	-3	0	0	0	0	0	0
1	-1	-2	0	0	0	0	0	0
1	-1	-1	0	0	0	0	0	0
1	-1	0	0	0	0	0	0	-0.055348334349336093807
1	-1	1	0	0	0	0	0	0
1	-1	2	0	0	0	0	0	0
1	-1	3	0	0	0	0	0	0
1	0	-3	0	0	0	0	0	0
1	0	-2	0	0	0	0	0	0
1	0	-1	0	0	0	0.055348334349336093807	0	0
1	0	0	0	0	0	0	-0.40067122009279138029	0
1	0	1	0	0	0	-0.055348334349336093807	0	0
1	0	2	0	0	0	0	0	0
1	0	3	0	0	0	0	0	0
1	1	-3	0	0	0	0	0	0
1	1	-2	0	0	0	0	0	0
1	1	-1	0	0	0	0	0	0
1	1	0	0	0	0	0	0	-0.055348334349336093807
1	1	1	0	0	0	0	0	0
1	1	2	0	0	0	0	0	0
1	1	3	0	0	0	0	0	0
1	2	-3	0	0	0	0	0	0
1	2	-2	0	0	0	0	0	0
1	2	-1	0	0	0	0	0	0
1	2	0	0	0	0	0	-0.0010871581138039477805	0
1	2	1	0	0	0	0	0	0
1	2	2	0	0	0	0	0	0
1	2	3	0	0	0	0	0	0
1	3	-3	0	0	0	0	0	0
1	3	-2	0	0	0	0	0	0
1	3	-1	0	0	0	0	0	0
1	3	0	0	0	0	0	0	0
1	3	1	0	0	0	0	0	0
1	3	2	0	0	0	0	0	0
1	3	3	0	0	0	0	0	0
2	-3	-3	0	0	0	0	0	0
2	-3	-2	0	0	0	0	0	0
2	-3	-1	0	0	0	0	0	0
2	-3	0	0	0	0	0	0	0
2	-3	1	0	0	0	0	0	0
2	-3	2	0	0	0	0	0	0
2	-3	3	0	0	0	0	0	0
2	-2	-3	0	0	0	0	0	0
2	-2	-2	0	0	0	0	0	0
2	-2	-1	0	0	0	0	0	0
2	-2	0	0	0	0	0	0	0
2	-2	1	0	0	0	0	0	0
2	-2	2	0	0	0	0	0	0
2	-2	3	0	0	0	0	0	0
2	-1	-3	0	0	0	0	0	0
2	-1	-2	0	0	0	0	0	0
2	-1	-1	0	0	0	0	0	0
2	-1	0	0	0	0	0	0	0
2	-1	1	0	0	0	0	0	0
2	-1	2	0	0	0	0	0	0
2	-1	3	0	0	0	0	0	0
2	0	-3	0	0	0	0	0	0
2	0	-2	0	0	0	0	0	0
2	0	-1	0	0	-0.0010871581138039477805	0	0	0
2	0	0	0	0	0	0	0	0
2	0	1	0	0	-0.0010871581138039477805	0	0	0
2	0	2	0	0	0	0	0	0
2	0	3	0	0	0	0	0	0
2	1	-3	0	0	0	0	0	0
2	1	-2	0	0	0	0	0	0
2	1	-1	0	0	0	0	0	0
2	1	0	0	0	0	0	0	0
2	1	1	0	0	0	0	0	0
2	1	2	0	0	0	0	0	0
2	1	3	0	0	0	0	0	0
2	2	-3	0	0	0	0	0	0
2	2	-2	0	0	0	0	0	0
2	2	-1	0	0	0	0	0	0
2	2	0	0	0	0	0	0	0
2	2	1	0	0	0	0	0	0
2	2	2	0	0	0	0	0	0
2	2	3	0	0	0	0	0	0
2	3	-3	0	0	0	0	0	0
2	3	-2	0	0	0	0	0	0
2	3	-1	0	0	0	0	0	0
2	3	0	0	0	0	0	0	0
2	3	1	0	0	0	0	0	0
2	3	2	0	0	0	0	0	0
2	3	3	0	0	0	0	0	0
3	-3	-3	0	0	0	0	0	0
3	-3	-2	0	0	0	0	0	0
3	-3	-1	0	0	0	0	0	0
3	-3	0	0	0	0	0	0	0
3	-3	1	0	0	0	0	0	0
3	-3	2	0	0	0	0	0	0
3	-3	3	0	0	0	0	0	0
3	-2	-3	0	0	0	0	0	0
3	-2	-2	0	0	0	0	0	0
3	-2	-1	0	0	0	0	0	0
3	-2	0	0	0	0	0	0	0
3	-2	1	0	0	0	0	0	0
3	-2	2	0	0	0	0	0	0
3	-2	3	0	0	0	0	0	0
3	-1	-3	0	0	0	0	0	0
3	-1	-2	0	0	0	0	0	0
3	-1	-1	0	0	0	0	0	0
3	-1	0	0	0	0	0	0	0
3	-1	1	0	0	0	0	0	0
3	-1	2	0	0	0	0	0	0
3	-1	3	0	0	0	0	0	0
3	0	-3	0	0	0	0	0	0
3	0	-2	0	0	0	0	0	0
3	0	-1	0	0	0	0	0	0
3	0	0	0	0	0	0	0	0
3	0	1	0	0	0	0	0	0
3	0	2	0	0	0	0	0	0
3	0	3	0	0	0	0	0	0
3	1	-3	0	0	0	0	0	0
3	1	-2	0	0	0	0	0	0
3	1	-1	0	0	0	0	0	0
3	1	0	0	0	0	0	0	0
3	1	1	0	0	0	0	0	0
3	1	2	0	0	0	0	0	0
3	1	3	0	0	0	0	0	0
3	2	-3	0	0	0	0	0	0
3	2	-2	0	0	0	0	0	0
3	2	-1	0	0	0	0	0	0
3	2	0	0	0	0	0	0	0
3	2	1	0	0	0	0	0	0
3	2	2	0	0	0	0	0	0
3	2	3	0	0	0	0	0	0
3	3	-3	0	0	0	0	0	0
3	3	-2	0	0	0	0	0	0
3	3	-1	0	0	0	0	0	0
3	3	0	0	0	0	0	0	0
3	3	1	0	0	0	0	0	0
3	3	2	0	0	0	0	0	0
3	3	3	0	0	0	0	0	0
