# exact-gradient local quartic closure adversary; cutoff=3; objective=lqc3-ratio; selection=doubling-remainder; backend=direct; objective_value=0.0265919; constant_ratio=0.0280917; candidate_lemma_proved=false
kx	ky	kz	ux_re	ux_im	uy_re	uy_im	uz_re	uz_im
-3	-3	-3	-0.00057796077044858511391	0.00063147200227495203784	0.00025017071292554056818	-2.2288831451703179442e-05	0.00032779005752304449153	-0.00060918317082324878724
-3	-3	-2	0.0018739325610606777633	-0.0017878456744773890165	-0.0018733731710066725898	0.00136177513305841668	-8.3908508100797399642e-07	0.00063910581212845861323
-3	-3	-1	-0.0040493966199696574543	0.0019271616570909050597	0.0034866805784230445187	-0.0010608863933647481436	0.0016881481246398377227	-0.0025988257911784711819
-3	-3	0	0.0027938401771937090498	-7.8389420035031154971e-05	-0.0027938401771937090498	7.8389420035031154971e-05	-0.0024100417070786746103	0.0030439606918240720568
-3	-3	1	-0.0015552441511488368335	-0.0026031763858776583997	0.0023280717582297920203	0.001571928706172334364	0.0023184828212428651266	-0.0030937430391159721071
-3	-3	2	0.00035302399573430983618	0.0018396289987302704132	-0.00043524946353282135871	-0.00076693185272186999591	-0.00012333820169776728379	0.0016090457190126006802
-3	-3	3	-0.00093962097987589586999	-0.00096689621783331688911	0.00058192333097119481895	0.00079416563455707170696	-0.00035769764890470105104	-0.00017273058327624515504
-3	-2	-3	-0.00047348270023400657958	-0.00014376341964474805414	8.1335729814946109865e-06	0.00032087283191589087124	0.0004680603182463434638	-7.0151801632512526688e-05
-3	-2	-2	0.00083717230620616173153	0.0014058675892952472459	0.00063532454916921611478	-0.0013046865656426147751	-0.0018910830084784588205	-0.00080411481830025609372
-3	-2	-1	-0.00097291536549779867107	-0.0020133414183250179438	-0.0012041697345909290438	0.0019278341248971642401	0.0053270855656752545346	0.0021843560051807253512
-3	-2	0	0.00059502626365459296807	0.0014312020238221655026	-0.00089253939548188945211	-0.0021468030357332480371	-0.0063637771774687108828	-0.0031544666539450060862
-3	-2	1	0.0021383023958604688818	-0.00029101533359949919872	0.00077124101128359144955	0.0014200985948808013664	0.007957389210148589978	0.0019671511889631050282
-3	-2	2	-0.0032064440454627534879	-0.00028050422041495006852	-3.1004957356901541559e-05	5.293170562858462105e-05	-0.0048406710255510321597	-0.00036782462499384047496
-3	-2	3	0.001098537843984370363	0.00012754604689123349211	-0.00031382811818920228544	0.00046007777239901446499	0.00088931909852490228108	0.00043426456182390978404
-3	-1	-3	-0.00071998570105579059401	-0.0015513754675954435046	-0.00095228146978625907368	0.0015254418140785174808	0.0010374128576512103937	0.0010428948629026043443
-3	-1	-2	0.0037527192372102035831	0.0038466015215323358205	2.8907175675435637448e-05	-0.0045626381666257001535	-0.0056435324436530237557	-0.0034885831989856534371
-3	-1	-1	-0.0068303090037996477824	-0.00038140344208611938774	0.0056831767997535392878	0.0092140645512505964937	0.014807750211645404059	-0.008069854224992237951
-3	-1	0	0.0051893799724344932128	0.0040189175432511839436	-0.015568139917303479638	-0.012056752629753550096	-0.020507892692433204312	0.023199630227539892041
-3	-1	1	-0.0025086363285051638955	-0.0082797605779739349291	0.013322755740885323938	0.0044392347484887365039	0.005796846755369832252	-0.020400046985433066549
-3	-1	2	0.0013840086145442513643	0.0034093503602269431205	-0.0055830177364829362829	-0.0025664937419746032717	-0.00071549594642509120341	0.003830778669353112828
-3	-1	3	-0.0017119835674958042929	-0.0011399942199501167904	0.00020158228039182286037	1.7967560568824655009e-05	-0.0016447894740318632582	-0.0011340050330938421155
-3	0	-3	4.4820356670151632536e-05	-0.0044302328457549566137	-0.0061384649452026641275	0.0019291692375993372329	-4.4820356670151632536e-05	0.0044302328457549566137
-3	0	-2	0.0044985274993255310039	0.0077878876715250016857	0.011952861574624709315	-0.0078498572290902329102	-0.0067477912489882965058	-0.011681831507287502095
-3	0	-1	-0.015367819081246014701	-0.011665591547352180402	-0.032894611672974950756	0.045020340887698087617	0.046103457243738044102	0.034996774642056541205
-3	0	0	0	-0	0.016177174681443716453	-0.074252473287413509051	-0.077392030100825931482	-0.021521937781402048634
-3	0	1	0.022823371232141315135	-0.0042178985357200137959	0.015576985101949753984	0.060931136565018341467	0.068470113696423945404	-0.01265369560716004052
-3	0	2	-0.010585785963748151062	0.0081461298824049739598	-0.011497437393201562564	-0.014247590702512278465	-0.015878678945622226593	0.012219194823607459205
-3	0	3	0.0016324940191953351675	-0.005024183777344481093	0.0064393403444919210948	0.00026154103674942041002	0.0016324940191953351675	-0.005024183777344481093
-3	1	-3	-0.0019317204255605655711	-0.00095214899246708322583	-0.00018600675100911731553	0.00090236264973637611564	0.001869718175224193259	0.0012529365423792084532
-3	1	-2	0.0023580154773396168159	3.8115260198634309721e-05	-0.00061358616173995677179	0.0015385353649209660039	-0.0038438162968794037724	0.00071209479216253145605
-3	1	-1	-0.0060815442722772670645	0.00046190641258245555096	-0.0075758774160892983912	0.0038256399096380081827	0.01066875540074250367	0.002439920671890641584
-3	1	0	0.0038481966164160552601	-0.0055264075610095796109	0.01154458984924816578	-0.016579222683028738833	-0.01265402031208187443	-0.005242993282362055224
-3	1	1	0.0010891032378841777536	0.0072936950850020776382	-0.002006006938829272418	0.016977960013890854019	0.0052733166524818056789	0.0049031252411153780288
-3	1	2	-0.0023058140812623395197	-0.0024092467320777450832	0.00052565695557884456468	-0.004858973892046348185	-0.0037215495996829315618	-0.0011843831520934435322
-3	1	3	0.0013943579998593543141	-0.00089977915128250807869	0.00025273609973208027452	-3.0771306462886474599e-05	0.001310112633281994331	-0.00088952204912821257812
-3	2	-3	-0.0004941802732075540076	0.00027559526639038420476	0.00019630087337671087871	-0.00034498562015296421008	0.00062504752212536127814	-0.00050558567982569369622
-3	2	-2	0.00061745992196612757303	-0.00061992185518331050821	-0.00034703564483834671442	0.00068836389402134122006	-0.001273225527787538074	0.0016182466767963069824
-3	2	-1	-0.0008758808394031004094	0.0011724621409035036919	0.00029748850163721911755	-0.00035079084229812373952	0.0032226195214837393549	-0.0042189681073067589884
-3	2	0	-0.001295500068432773981	0.0002976765311806051713	-0.0019432501026491611883	0.00044651479677090778406	-0.001180990880199247724	0.0076669508623485082069
-3	2	1	0.00019357891297440657399	-0.0027682540812501081444	0.0020550629566578643322	-0.00073438864424472819273	-0.0035293891743925090779	-0.0068359849552608684814
-3	2	2	0.0019298496893852272634	0.002252897901913962584	-0.00095269482292042312593	0.00093162106345705123552	0.0038474693569982639126	0.002447725789413892749
-3	2	3	-0.0007822184153083609412	3.5118216598304238731e-05	-9.7625278261849205634e-05	1.5019030920555259787e-05	-0.00071713489646712809227	2.5105529317934068928e-05
-3	3	-3	-0.00067906072993086476815	-5.4179670159869096997e-05	0.0018534176650493519589	-0.0011921347686011892798	0.0025324783949802168355	-0.0011379550984413201557
-3	3	-2	0.001858294325399856067	0.0018609563189964002401	0.00070901726320762240973	0.0023909504566040776577	-0.0017239155932883506485	0.0007949912064115158012
-3	3	-1	-0.0023495772488202415831	0.0012811681916538454184	-0.0022076429371930546101	-0.00059501697725164101604	0.00042580293488156091899	-0.0056285555067164590864
-3	3	0	9.0632998269578148097e-06	-0.001075018216693951912	9.0632998269578148097e-06	-0.001075018216693951912	0.0042492292192616064675	0.0044919364304967963897
-3	3	1	-0.00021375703427824866267	-0.00011261194824922628828	0.0017607129154492968774	3.1067060315679065861e-05	-0.0059234098491826366745	-0.00043103702569471604887
-3	3	2	3.5510349873769960871e-05	0.0003302881572353213134	-0.00076421626780204406602	0.0010130558215741508436	0.0011995899265137210336	-0.0010241514965082442953
-3	3	3	0.00043715108681441615943	4.7930497746151834568e-05	-0.00012279219513547926694	-0.00041375420338910504688	0.00055994328194989542637	0.00046168470113525686112
-2	-3	-3	7.1522984140660346821e-05	-0.00038754698773580054582	-0.00021416959892201484954	0.00010390653369315427652	0.0001664876094949079607	0.00015445812479737941166
-2	-3	-2	-0.00012662761114947627397	0.0010679784167527497409	-7.7816192062742502123e-05	-0.0012571167659526742959	0.0002433518992435900136	0.00081769673217626170306
-2	-3	-1	0.00080097894252723381928	-0.0010535142822189723366	0.00018986863762071302963	0.0010858367592319396501	-0.0021715637979166065377	-0.0011504817132578744939
-2	-3	0	-0.0022404993121954335303	0.0035392757794780399863	0.0014936662081302890925	-0.0023595171863186933242	0.0042138335813475518571	0.00044006692938914758906
-2	-3	1	0.001398460434013350023	-0.00321674128858858311	-0.0025339594446805689676	0.0028978739016854251388	-0.0048049574660150064231	0.0022601391278791087627
-2	-3	2	-0.0021562157093340862148	0.0019017729559408153624	0.003066603861979793743	-0.0033917189201459292322	0.0024436900836356041829	-0.0031858054242780787027
-2	-3	3	0.0003397792427348835854	0.00028860449993042217726	-0.00051816141555869504095	0.00070866515962341954972	-0.00029164192040210596595	0.00090106815957703429842
-2	-2	-3	0.00090658693934959878012	-0.00095946535731263591675	-0.0010528217051219350246	0.00015660957672188500155	9.7489843848224126861e-05	0.00053523718706050059206
-2	-2	-2	0.0080689375347241902581	0.00261410731778718812	0.00075221360548033183637	-0.0058048533847574806596	-0.0088211511402045226365	0.0031907460669702925396
-2	-2	-1	-0.00015631981677631217177	-0.009533289921160290753	-0.0033860912719984427935	-0.0067003714872275370665	0.0070848221775495099847	0.032467322816775653904
-2	-2	0	0.01164180673402678487	0.011726615394279328933	-0.01164180673402678487	-0.011726615394279328933	-0.018676679267634652137	-0.00068098365631630579549
-2	-2	1	-0.0049946167966007275554	0.0072397556858946150379	0.00065354917098721691197	-0.0068628037728908301146	-0.0086821352512270223711	0.00075390382600757017192
-2	-2	2	-0.0045614299051122964013	0.0015852420247619626072	0.0038587954160526323835	9.3234159633433813475e-05	-0.00070263448905966358407	0.0016784761843953964477
-2	-2	3	-0.0010159520159387430346	0.00013417394840283089659	0.00040145662809530478386	0.0014719046234601587241	-0.00040966359189562544631	0.0010707190479086596026
-2	-1	-3	0.005278530893430249081	-0.0014256315166684171546	-0.0044406484535813826875	-0.0039697411310520942448	-0.0020388044444263719694	0.0022736680547963093735
-2	-1	-2	-0.0049373703483742582138	0.010341313728871516509	0.017961943768503810248	0.010549698060156088159	-0.0040436015358776477777	-0.015616162758949560588
-2	-1	-1	0.011848771401884254303	-0.01123544853926107881	-0.025012368538828332748	0.0073193358885882591272	0.0013148257350598265263	0.015151561189933897625
-2	-1	0	-0.016257133607787039448	0.0093620720357726009558	0.032514267215574078895	-0.018724144071545201912	-0.0020252820555997038711	-0.029871704083834233617
-2	-1	1	0.0035653033494001847015	-0.0026208370964588495813	-0.0041136358303594574432	0.023848156550504876622	0.0030169708684409119598	0.018606482357587175724
-2	-1	2	0.0040412442911189633971	0.0017511240334811952	-0.016052932290396195597	-0.01348463305732792647	-0.0039852218540791352688	-0.0049911924951827682517
-2	-1	3	0.00049826117405122488137	-0.00043819349968260033409	-0.0019337085036886963486	0.0014738620018649960502	-0.00031239538519541547442	0.00019915833416659842452
-2	0	-3	0.0088306243759307175706	0.00096088543886742761469	0.0023970844242888825204	-0.0091881538102048746636	-0.0058870829172871447579	-0.00064059029257828507646
-2	0	-2	-0.049126643094541219692	0.013477262045680216823	0.029136891785858758108	0.06425592776353268587	0.049126643094541219692	-0.013477262045680216823
-2	0	-1	0.040949528765829537602	-0.035669117606241411422	-0.12875598857228887084	-0.089550675474851779145	-0.081899057531659075204	0.071338235212482822845
-2	0	0	0	-0	0.17162149523513461902	0.065821844703971246759	0.078162483549927608273	-0.14948138797624541119
-2	0	1	-0.0058319920535844426909	0.064569713528703900907	-0.18608045153647265191	0.0097061329841152330089	-0.011663984107168885382	0.12913942705740780181
-2	0	2	-0.01473973271742645523	-0.043293010277296227473	0.10257025076182159362	-0.03124042552266730749	-0.01473973271742645523	-0.043293010277296227473
-2	0	3	0.016059064263197586619	0.0062552334001965102794	-0.0068283361816638705327	0.010336577426792756956	0.010706042842131722678	0.0041701556001310065638
-2	1	-3	0.0013560772988475788652	-0.0021919258871459729524	0.0010521064774449400553	-0.00039668822014418106316	-0.00055334937341673922501	0.0013290545180492548388
-2	1	-2	-0.0011553171865423775711	0.002833576496965784907	0.012128414450353440859	0.0073783876060178497577	0.0072195244117190977839	0.00085561730604313986342
-2	1	-1	-0.011162946677327994019	-0.013212211682066928725	-0.017113529329521325745	0.0017017341893575388661	0.0052123640251346631605	0.028126157553491397401
-2	1	0	0.0081958655405069049532	-0.0049799241999504851447	0.016391731081013809906	-0.0099598483999009702894	-0.015340296070549132301	-0.017688475774083500802
-2	1	1	0.0046972795413474073903	0.017909948633275454832	-0.013537983066759661996	0.017442920019461290865	0.022932542149454476776	0.01837697724708961533
-2	1	2	-0.011602176059337733147	-0.0054941484141049724485	0.0017317508793465224634	-0.010002495647818621799	-0.012468051499010994812	-0.0004929005901956608985
-2	1	3	0.00094761334183076251659	0.0026573049330312018684	-0.0024887802672324045063	0.0025101399811565455397	0.0014613356502979765131	0.00093482329496861939905
-2	2	-3	-0.00049612201887954581261	-0.00095258099083017839289	-0.00045753826846608118941	0.00076545088881963224518	2.5722500275643070844e-05	0.0011453545864332070198
-2	2	-2	0.0040409470138754403218	0.0014788437243880925634	0.0040559963305242313289	-0.0014274254978692956647	1.5049316648790776719e-05	-0.0029062692222573882281
-2	2	-1	0.0020857260760428616639	0.01276305091025622257	0.001174904658345733233	0.012299185544176896925	-0.001821642835394256428	-0.00092773073215865150577
-2	2	0	-0.0069513420870666395995	-0.0015774470412453778234	-0.0069513420870666395995	-0.0015774470412453778234	-0.0077601757176038723904	-0.01351724529968256934
-2	2	1	0.00099854244614569704144	0.001027133233397359768	0.0080370022057006731964	-0.0074887914207763060098	-0.014076919519109953177	0.017031849308347331989
-2	2	2	-0.0037742292658950208836	-0.00085158917605332278	0.0041926083940039392955	0.0060478249092311021223	-0.0079668376598989610465	-0.0068994140852844249023
-2	2	3	-3.5534598589504781771e-05	-0.0014334061133152453411	0.0010950997864605088988	-0.00010001948963574509497	-0.0007537562567000090797	-0.00088892441578633356065
-2	3	-3	0.00086131048751456745771	-0.00021673209201400405279	-0.00078437734796077136345	0.00083899570355801364636	-0.0013585843396371497047	0.00098348376490068299682
-2	3	-2	0.00039164413969368594643	0.0013742010997254492776	0.00065010628322226574841	-0.0021654078891256327635	0.00058351528513971267619	-0.0046223129334138982061
-2	3	-1	-0.0026213417653147960337	-0.00014262893213573920497	-0.0007827282865020517965	0.00069012982117790100649	0.0028944986711234368948	0.0023556473278051816463
-2	3	0	0.00065188731970161780099	-0.0030719329480851870554	0.00043459154646774520066	-0.0020479552987234580369	-0.0017009910984905377788	0.00183667007142540562
-2	3	1	0.0011634460839472194563	0.0013385045514973626605	0.00084127002800474096934	0.0019132530324845443102	-0.00019691791611978383273	-0.0030627499944589076097
-2	3	2	-0.0017744928051270504425	0.00071868475472642841338	-0.0019681936773228887738	-0.00084377605031688571527	0.0011777977108572827182	0.0019843488302017570947
-2	3	3	0.00038776988858155994264	-0.00011509579752351873705	0.00088915767002731478392	-0.00012633814046559993538	-0.00063064441097294152497	4.9607608783254121966e-05
-1	-3	-3	-9.9910959422879261479e-05	0.00018097289489454968653	-0.00044207610675521584681	-0.00058983565973017894075	0.00047537975989617560968	0.00052951136143199574804
-1	-3	-2	0.0011199276859900179903	-0.0015712580048148521491	0.0026540803343489023647	0.00088493943072556259001	-0.0045410843445183625422	-0.00054178014368091770205
-1	-3	-1	0.0011279668643117835968	0.0057457088592782097625	-0.0043265481109738424675	-0.0022854396272466606481	0.011851677468609742722	0.0011106100224617726155
-1	-3	0	-0.008956671034972593648	-0.0082447935860751574155	0.0029855570116575310714	0.0027482645286917191385	-0.020002615164995310448	0.0062151898201001313377
-1	-3	1	0.011148668306038542197	0.0070874509562654343722	0.0006380861993325024923	-0.005305749610732692946	0.013062926904036049891	-0.0088297978759326462006
-1	-3	2	-0.0054344508149010203185	-0.0022485677086709174484	0.0020106268629967827093	0.0041258141723678355001	0.0002987148870446636878	0.0050644374042162947427
-1	-3	3	0.0014971319741716121541	0.0025714288731536966495	-0.00019700401121839968975	-0.00078018990513140594988	0.00030203998017213766784	7.6953052586492879088e-05
-1	-2	-3	-0.0021722194858179531135	0.0030155230296839926653	-0.0056790902911900168967	-0.0037718876575009029246	0.0045101333560659956357	0.0015094174284392709168
-1	-2	-2	0.0047681374627406613101	-0.014549506403427203347	0.0082168480341374364878	-0.0055120159977467492532	-0.010600916765507766709	0.012786769199460350926
-1	-2	-1	0.022144199086762326317	0.035487974427931216759	-0.026620379204545276119	-0.0039750780405918700877	0.031096559322328225922	-0.027537818346747473114
-1	-2	0	-0.026766543804423340719	-0.019171701795852254951	0.013383271902211670359	0.0095858508979261274757	-0.032549417272328927397	0.051252086015813658193
-1	-2	1	0.058427864519396438547	-0.01602905022631895271	-0.017335551390681377265	-0.0052934524067885469975	0.023756761738033680548	-0.02661595503989604497
-1	-2	2	-0.0081297309134200825692	-0.006220901992012526846	0.009490561306564714375	0.015328234543739042983	0.0054256958498546730904	0.012217783547732778693
-1	-2	3	0.0049985373896533425234	-0.0055013500315526098206	-0.0040261050183423661292	-0.0050982047198700683466	-0.0010178908823437963615	-0.0052325864904309155046
-1	-1	-3	0.0024783847029263470461	0.0077371016522589921779	0.0028566393569642244653	-0.012368134822882419568	-0.0017783413532968569536	0.0015436777235411423912
-1	-1	-2	-0.010430058513701725986	0.00014770732321855466391	0.0071831228797321847873	0.023794517152712073293	0.0016234678169847705995	-0.011971112237965314887
-1	-1	-1	0.033508230542843027433	-0.0076529695310697219701	-0.027126067714508077938	-0.02823412171832348147	-0.0063821628283349529642	0.03588709124939320344
-1	-1	0	-0.0024433392603376768645	0.0042729666369717214658	0.0024433392603376768645	-0.0042729666369717214658	0.017065435301284178488	0.005612217098357757776
-1	-1	1	0.00091787114768386341042	0.0080516740714565333825	-0.0034912761019414706443	-0.01384090602257696638	-0.002573404954257607017	-0.0057892319511204338653
-1	-1	2	-0.0068918407785947414027	-0.012826536780864431636	0.011592883835066417064	0.0150657982046905458	0.0023505215282358378308	0.001119630711913057082
-1	-1	3	0.0081655424975323968179	-0.00045389392933745646317	0.0011215598682212857187	-0.0083573969772474387963	0.0030957007885845612069	-0.0029370969688616321326
-1	0	-3	-0.010303112313811639555	0.0039684388797815595834	0.0051913933726063579699	0.0002108520556100801325	0.0034343707712705465185	-0.0013228129599271866001
-1	0	-2	-0.0052109649540838607479	-0.015191975174691204134	-0.022596183968080611054	-0.002219370197120317488	0.0026054824770419303739	0.007595987587345602067
-1	0	-1	-0.0041370670860180133732	0.0037327333632712579245	0.0069390875821317065872	-0.0017550199397052723867	0.0041370670860180133732	-0.0037327333632712579245
-1	0	0	0	-0	-0.011062213252685968931	0.035288072505909769128	0.0056118756303943882757	-0.003770194610400714498
-1	0	1	-0.0022663812293141527739	0.0021943773500747772859	0.00088049212062127693579	-0.017535880832070853408	-0.0022663812293141527739	0.0021943773500747772859
-1	0	2	0.033751892601135133343	-0.0050883999240920393947	0.0077830001853884146767	0.036351507126148277504	0.016875946300567566671	-0.0025441999620460196974
-1	0	3	-0.01461444591421977475	0.013751748027558095833	-0.013070131246745027645	-0.017066090156895634411	-0.004871481971406591005	0.0045839160091860325225
-1	1	-3	-0.00030221600092887379368	0.0083339717118479633012	0.00039451815674471573748	0.0039194135927286682941	0.00023224471922452983468	-0.0014715193730397650024
-1	1	-2	0.0094754336989523041401	-0.017265559781278340401	0.0070959654282545456261	-0.0027916780192248046022	-0.0011897341353488794739	0.0072369408810267687668
-1	1	-1	0.016730687685809871729	0.026443772888622419509	-0.012498583169148190855	0.010562157860295415604	-0.029229270854958064318	-0.01588161502832700564
-1	1	0	-0.0070855163755024590244	0.00078140565532024684227	-0.0070855163755024590244	0.00078140565532024684227	-0.0084621316837883119033	-0.0013941145550644912319
-1	1	1	0.012490638242952933901	0.0035100213294012314394	0.0021341418102513763991	-0.012049606022030080049	0.010356496432701556634	0.015559627351431310621
-1	1	2	0.001949020566890708947	-0.0019772400708364329738	0.00046315761216390757523	0.017357375845440097678	0.00074293147736340060458	-0.009667307958138266627
-1	1	3	-0.00043046334204241339669	-0.0042951961739322516709	-0.0014093922005381275334	-0.0032388496014129513657	0.00032630961949857141503	-0.00035211552417309995716
-1	2	-3	-0.0075988409093857090318	-0.0012953722268047255378	-0.0014495131526399398971	-0.0085053868705160344532	0.0015666048680352765571	-0.0052384671714091144562
-1	2	-2	0.01843004586768817038	-0.00015295488737177776926	0.0090088676553625162552	0.024779170858958803059	-0.00020615527848157050696	0.024855648302644691577
-1	2	-1	-0.049616360972975746824	0.035323598637251499288	-0.031287867207237349265	-0.0066675242070740967787	-0.012959373441498946503	-0.048658647051399696315
-1	2	0	0.029282112520527744937	-0.032446401385381129501	0.014641056260263872468	-0.01622320069269056475	0.061421656046841445475	0.034286266406638642168
-1	2	1	-0.014740046514851916012	0.02899622508367034196	0.014589168616839100212	0.01696268162710067029	-0.043918383748530118171	-0.0049291381705309960173
-1	2	2	-0.0067415868554270078072	-0.0087523883613687160354	-0.012925721964087444685	0.0024832893727822487155	0.0095549285363739407811	-0.0068594835534666071669
-1	2	3	0.00095909011217829975154	0.0021202467321159760259	0.0063243577507930614709	-0.0017599329964479229482	-0.0038965417964692745413	0.0018800375750039407131
-1	3	-3	-0.0012572447307207356825	0.0025207446572250908658	-0.0011959972045128600647	-0.0030930421481547374501	-0.00077691562760594820667	-0.0039332903672297673051
-1	3	-2	0.0041974783993492751494	0.0021564743871793300677	0.0022077102289091883602	0.0038001077220911178532	0.0012128261436891449657	0.0046219243895470113123
-1	3	-1	-0.0094666656946875617912	-0.011734252000629783255	8.0390532054274465895e-05	-0.0051329114789107309347	0.0097078372908503841182	-0.0036644824361024078141
-1	3	0	0.020103009230117589723	0.0051804931806588173232	0.0067010030767058635301	0.0017268310602196056298	-0.0054802609920836121288	0.013080070663245143767
-1	3	1	-0.011237689091305121808	0.0080314178150106985826	-0.0024854956406243624775	0.0053478322341006280516	-0.0037812021694320343754	-0.0080120788872911855721
-1	3	2	0.0011359777248311257129	-0.0055697275920377565042	-0.00031097855669578609774	-0.0040224682727296144635	0.0010344566974592420572	0.0032488386130755430095
-1	3	3	0.0018786986918753454702	0.00061138101923516958904	0.0013007244069856756935	0.0012761686273789301076	-0.00067449150969389390625	-0.0010723749543005401362
0	-3	-3	-0.0013311549966677467885	-0.0015061553241827625726	-0.00062841425964560654674	-0.002080661268364269751	0.00062841425964560654674	0.002080661268364269751
0	-3	-2	0.00796747322023131678	0.0016090951798334665341	0.0017026784748833236408	0.0048995469233688816388	-0.0025540177123249854611	-0.0073493203850533228919
0	-3	-1	-0.021451715718266716609	0.014459819555037337763	-0.0039382935427017731062	-0.005756141054665223078	0.011814880628105319318	0.017268423163995669234
0	-3	0	0.013573595794615585935	-0.029751989868418381863	0	-0	-0.023213876492893338599	-0.016020762471726224946
0	-3	1	0.0046165531575440002174	0.032443903201929594204	0.0082614679398221729789	0.002750987370866440733	0.024784403819466518937	0.0082529621125993213315
0	-3	2	-0.0031600593848663057102	-0.012667784747566832732	-0.0074579731812145473938	-0.0014791197076516730304	-0.01118695977182181979	-0.0022186795614775093287
0	-3	3	0.0056231987971772463483	0.0062724208722262919657	0.0040259736636597846446	-0.0020263993766619302871	0.0040259736636597846446	-0.0020263993766619302871
0	-2	-3	-0.008176179555356856421	-0.0033503923101907938376	0.0035510332434606464887	-0.010286301076977815913	-0.0023673554956404308479	0.0068575340513185442312
0	-2	-2	0.064138143269298342197	-0.0049122913125407494106	0.0024488665678786517184	0.050694573478406237954	-0.0024488665678786517184	-0.050694573478406237954
0	-2	-1	-0.10278108870078361825	0.07326933764918530656	-0.017190856334653632081	-0.050090087729602619793	0.034381712669307264163	0.10018017545920523959
0	-2	0	0.11499557391222431368	-0.16229121822248637752	0	-0	-0.1235500023511893336	-0.083615611539669787433
0	-2	1	-0.041594767100178925423	0.21183151551150333769	0.079249114434897502401	0.0086202065208919806394	0.1584982288697950048	0.017240413041783961279
0	-2	2	-0.01001052617895351049	-0.089908399040525693868	-0.064406721038553993441	0.013458046256471086974	-0.064406721038553993441	0.013458046256471086974
0	-2	3	0.0078670957119551243597	0.016977669028146964714	0.01646324250342131798	-0.010261731645307962946	0.010975495002280878654	-0.0068411544302053083413
0	-1	-3	0.003620045492431020126	-0.00070681379018384905485	0.007285268097157370816	0.0074870398007889525302	-0.0024284226990524569387	-0.0024956799335963176546
0	-1	-2	0.0094967668569019142444	0.002940416167152537421	-0.0033264717720252268487	0.001452732969864235996	0.0016632358860126134244	-0.00072636648493211799799
0	-1	-1	-0.017856945501934139153	0.02522843945684360295	-0.0072924871703101239173	-0.012119384723533906806	0.0072924871703101239173	0.012119384723533906806
0	-1	0	-0.032057756162177576675	-0.012898149758272912588	0	-0	-0.020524126506528288238	0.025512486957465281556
0	-1	1	0.001873605401077758437	0.0092533208078894799153	-0.019951165100588554718	-0.0010538390901569179466	-0.019951165100588554718	-0.0010538390901569179466
0	-1	2	0.0043639922548696996954	-0.016338594606522236635	-0.0095917415376506071772	0.0089061177206736317352	-0.0047958707688253035886	0.0044530588603368158676
0	-1	3	0.0018342504584701411346	0.0076997517672909047623	-0.0021777959243126101228	-0.0067206819733094729993	-0.00072593197477087000481	-0.0022402273244364911443
0	0	-3	-0.005930932446207216012	0.0087813372386537792008	-0.00021124604056581893635	-0.0051985847502406699536	0	5.7112333786617393281e-42
0	0	-2	0.0024623896472829903855	-0.0069159116113741278195	0.004851628097340562884	0.010891421049541253133	0	-0
0	0	-1	-0.020234241194422183246	0.011006969882010983475	-0.0071669491895846263591	0.001869917277748259091	0	-0
0	0	1	-0.020234241194422183246	-0.011006969882010983475	-0.0071669491895846263591	-0.001869917277748259091	0	0
0	0	2	0.0024623896472829903855	0.0069159116113741278195	0.004851628097340562884	-0.010891421049541253133	0	0
0	0	3	-0.005930932446207216012	-0.0087813372386537792008	-0.00021124604056581893635	0.0051985847502406699536	0	-5.7112333786617393281e-42
0	1	-3	0.0018342504584701411346	-0.0076997517672909047623	-0.0021777959243126101228	0.0067206819733094729993	-0.00072593197477087000481	0.0022402273244364911443
0	1	-2	0.0043639922548696996954	0.016338594606522236635	-0.0095917415376506071772	-0.0089061177206736317352	-0.0047958707688253035886	-0.0044530588603368158676
0	1	-1	0.001873605401077758437	-0.0092533208078894799153	-0.019951165100588554718	0.0010538390901569179466	-0.019951165100588554718	0.0010538390901569179466
0	1	0	-0.032057756162177576675	0.012898149758272912588	0	0	-0.020524126506528288238	-0.025512486957465281556
0	1	1	-0.017856945501934139153	-0.02522843945684360295	-0.0072924871703101239173	0.012119384723533906806	0.0072924871703101239173	-0.012119384723533906806
0	1	2	0.0094967668569019142444	-0.002940416167152537421	-0.0033264717720252268487	-0.001452732969864235996	0.0016632358860126134244	0.00072636648493211799799
0	1	3	0.003620045492431020126	0.00070681379018384905485	0.007285268097157370816	-0.0074870398007889525302	-0.0024284226990524569387	0.0024956799335963176546
0	2	-3	0.0078670957119551243597	-0.016977669028146964714	0.01646324250342131798	0.010261731645307962946	0.010975495002280878654	0.0068411544302053083413
0	2	-2	-0.01001052617895351049	0.089908399040525693868	-0.064406721038553993441	-0.013458046256471086974	-0.064406721038553993441	-0.013458046256471086974
0	2	-1	-0.041594767100178925423	-0.21183151551150333769	0.079249114434897502401	-0.0086202065208919806394	0.1584982288697950048	-0.017240413041783961279
0	2	0	0.11499557391222431368	0.16229121822248637752	0	0	-0.1235500023511893336	0.083615611539669787433
0	2	1	-0.10278108870078361825	-0.07326933764918530656	-0.017190856334653632081	0.050090087729602619793	0.034381712669307264163	-0.10018017545920523959
0	2	2	0.064138143269298342197	0.0049122913125407494106	0.0024488665678786517184	-0.050694573478406237954	-0.0024488665678786517184	0.050694573478406237954
0	2	3	-0.008176179555356856421	0.0033503923101907938376	0.0035510332434606464887	0.010286301076977815913	-0.0023673554956404308479	-0.0068575340513185442312
0	3	-3	0.0056231987971772463483	-0.0062724208722262919657	0.0040259736636597846446	0.0020263993766619302871	0.0040259736636597846446	0.0020263993766619302871
0	3	-2	-0.0031600593848663057102	0.012667784747566832732	-0.0074579731812145473938	0.0014791197076516730304	-0.01118695977182181979	0.0022186795614775093287
0	3	-1	0.0046165531575440002174	-0.032443903201929594204	0.0082614679398221729789	-0.002750987370866440733	0.024784403819466518937	-0.0082529621125993213315
0	3	0	0.013573595794615585935	0.029751989868418381863	0	0	-0.023213876492893338599	0.016020762471726224946
0	3	1	-0.021451715718266716609	-0.014459819555037337763	-0.0039382935427017731062	0.005756141054665223078	0.011814880628105319318	-0.017268423163995669234
0	3	2	0.00796747322023131678	-0.0016090951798334665341	0.0017026784748833236408	-0.0048995469233688816388	-0.0025540177123249854611	0.0073493203850533228919
0	3	3	-0.0013311549966677467885	0.0015061553241827625726	-0.00062841425964560654674	0.002080661268364269751	0.00062841425964560654674	-0.002080661268364269751
1	-3	-3	0.0018786986918753454702	-0.00061138101923516958904	0.0013007244069856756935	-0.0012761686273789301076	-0.00067449150969389390625	0.0010723749543005401362
1	-3	-2	0.0011359777248311257129	0.0055697275920377565042	-0.00031097855669578609774	0.0040224682727296144635	0.0010344566974592420572	-0.0032488386130755430095
1	-3	-1	-0.011237689091305121808	-0.0080314178150106985826	-0.0024854956406243624775	-0.0053478322341006280516	-0.0037812021694320343754	0.0080120788872911855721
1	-3	0	0.020103009230117589723	-0.0051804931806588173232	0.0067010030767058635301	-0.0017268310602196056298	-0.0054802609920836121288	-0.013080070663245143767
1	-3	1	-0.0094666656946875617912	0.011734252000629783255	8.0390532054274465895e-05	0.0051329114789107309347	0.0097078372908503841182	0.0036644824361024078141
1	-3	2	0.0041974783993492751494	-0.0021564743871793300677	0.0022077102289091883602	-0.0038001077220911178532	0.0012128261436891449657	-0.0046219243895470113123
1	-3	3	-0.0012572447307207356825	-0.0025207446572250908658	-0.0011959972045128600647	0.0030930421481547374501	-0.00077691562760594820667	0.0039332903672297673051
1	-2	-3	0.00095909011217829975154	-0.0021202467321159760259	0.0063243577507930614709	0.0017599329964479229482	-0.0038965417964692745413	-0.0018800375750039407131
1	-2	-2	-0.0067415868554270078072	0.0087523883613687160354	-0.012925721964087444685	-0.0024832893727822487155	0.0095549285363739407811	0.0068594835534666071669
1	-2	-1	-0.014740046514851916012	-0.02899622508367034196	0.014589168616839100212	-0.01696268162710067029	-0.043918383748530118171	0.0049291381705309960173
1	-2	0	0.029282112520527744937	0.032446401385381129501	0.014641056260263872468	0.01622320069269056475	0.061421656046841445475	-0.034286266406638642168
1	-2	1	-0.049616360972975746824	-0.035323598637251499288	-0.031287867207237349265	0.0066675242070740967787	-0.012959373441498946503	0.048658647051399696315
1	-2	2	0.01843004586768817038	0.00015295488737177776926	0.0090088676553625162552	-0.024779170858958803059	-0.00020615527848157050696	-0.024855648302644691577
1	-2	3	-0.0075988409093857090318	0.0012953722268047255378	-0.0014495131526399398971	0.0085053868705160344532	0.0015666048680352765571	0.0052384671714091144562
1	-1	-3	-0.00043046334204241339669	0.0042951961739322516709	-0.0014093922005381275334	0.0032388496014129513657	0.00032630961949857141503	0.00035211552417309995716
1	-1	-2	0.001949020566890708947	0.0019772400708364329738	0.00046315761216390757523	-0.017357375845440097678	0.00074293147736340060458	0.009667307958138266627
1	-1	-1	0.012490638242952933901	-0.0035100213294012314394	0.0021341418102513763991	0.012049606022030080049	0.010356496432701556634	-0.015559627351431310621
1	-1	0	-0.0070855163755024590244	-0.00078140565532024684227	-0.0070855163755024590244	-0.00078140565532024684227	-0.0084621316837883119033	0.0013941145550644912319
1	-1	1	0.016730687685809871729	-0.026443772888622419509	-0.012498583169148190855	-0.010562157860295415604	-0.029229270854958064318	0.01588161502832700564
1	-1	2	0.0094754336989523041401	0.017265559781278340401	0.0070959654282545456261	0.0027916780192248046022	-0.0011897341353488794739	-0.0072369408810267687668
1	-1	3	-0.00030221600092887379368	-0.0083339717118479633012	0.00039451815674471573748	-0.0039194135927286682941	0.00023224471922452983468	0.0014715193730397650024
1	0	-3	-0.01461444591421977475	-0.013751748027558095833	-0.013070131246745027645	0.017066090156895634411	-0.004871481971406591005	-0.0045839160091860325225
1	0	-2	0.033751892601135133343	0.0050883999240920393947	0.0077830001853884146767	-0.036351507126148277504	0.016875946300567566671	0.0025441999620460196974
1	0	-1	-0.0022663812293141527739	-0.0021943773500747772859	0.00088049212062127693579	0.017535880832070853408	-0.0022663812293141527739	-0.0021943773500747772859
1	0	0	0	0	-0.011062213252685968931	-0.035288072505909769128	0.0056118756303943882757	0.003770194610400714498
1	0	1	-0.0041370670860180133732	-0.0037327333632712579245	0.0069390875821317065872	0.0017550199397052723867	0.0041370670860180133732	0.0037327333632712579245
1	0	2	-0.0052109649540838607479	0.015191975174691204134	-0.022596183968080611054	0.002219370197120317488	0.0026054824770419303739	-0.007595987587345602067
1	0	3	-0.010303112313811639555	-0.0039684388797815595834	0.0051913933726063579699	-0.0002108520556100801325	0.0034343707712705465185	0.0013228129599271866001
1	1	-3	0.0081655424975323968179	0.00045389392933745646317	0.0011215598682212857187	0.0083573969772474387963	0.0030957007885845612069	0.0029370969688616321326
1	1	-2	-0.0068918407785947414027	0.012826536780864431636	0.011592883835066417064	-0.0150657982046905458	0.0023505215282358378308	-0.001119630711913057082
1	1	-1	0.00091787114768386341042	-0.0080516740714565333825	-0.0034912761019414706443	0.01384090602257696638	-0.002573404954257607017	0.0057892319511204338653
1	1	0	-0.0024433392603376768645	-0.0042729666369717214658	0.0024433392603376768645	0.0042729666369717214658	0.017065435301284178488	-0.005612217098357757776
1	1	1	0.033508230542843027433	0.0076529695310697219701	-0.027126067714508077938	0.02823412171832348147	-0.0063821628283349529642	-0.03588709124939320344
1	1	2	-0.010430058513701725986	-0.00014770732321855466391	0.0071831228797321847873	-0.023794517152712073293	0.0016234678169847705995	0.011971112237965314887
1	1	3	0.0024783847029263470461	-0.0077371016522589921779	0.0028566393569642244653	0.012368134822882419568	-0.0017783413532968569536	-0.0015436777235411423912
1	2	-3	0.0049985373896533425234	0.0055013500315526098206	-0.0040261050183423661292	0.0050982047198700683466	-0.0010178908823437963615	0.0052325864904309155046
1	2	-2	-0.0081297309134200825692	0.006220901992012526846	0.009490561306564714375	-0.015328234543739042983	0.0054256958498546730904	-0.012217783547732778693
1	2	-1	0.058427864519396438547	0.01602905022631895271	-0.017335551390681377265	0.0052934524067885469975	0.023756761738033680548	0.02661595503989604497
1	2	0	-0.026766543804423340719	0.019171701795852254951	0.013383271902211670359	-0.0095858508979261274757	-0.032549417272328927397	-0.051252086015813658193
1	2	1	0.022144199086762326317	-0.035487974427931216759	-0.026620379204545276119	0.0039750780405918700877	0.031096559322328225922	0.027537818346747473114
1	2	2	0.0047681374627406613101	0.014549506403427203347	0.0082168480341374364878	0.0055120159977467492532	-0.010600916765507766709	-0.012786769199460350926
1	2	3	-0.0021722194858179531135	-0.0030155230296839926653	-0.0056790902911900168967	0.0037718876575009029246	0.0045101333560659956357	-0.0015094174284392709168
1	3	-3	0.0014971319741716121541	-0.0025714288731536966495	-0.00019700401121839968975	0.00078018990513140594988	0.00030203998017213766784	-7.6953052586492879088e-05
1	3	-2	-0.0054344508149010203185	0.0022485677086709174484	0.0020106268629967827093	-0.0041258141723678355001	0.0002987148870446636878	-0.0050644374042162947427
1	3	-1	0.011148668306038542197	-0.0070874509562654343722	0.0006380861993325024923	0.005305749610732692946	0.013062926904036049891	0.0088297978759326462006
1	3	0	-0.008956671034972593648	0.0082447935860751574155	0.0029855570116575310714	-0.0027482645286917191385	-0.020002615164995310448	-0.0062151898201001313377
1	3	1	0.0011279668643117835968	-0.0057457088592782097625	-0.0043265481109738424675	0.0022854396272466606481	0.011851677468609742722	-0.0011106100224617726155
1	3	2	0.0011199276859900179903	0.0015712580048148521491	0.0026540803343489023647	-0.00088493943072556259001	-0.0045410843445183625422	0.00054178014368091770205
1	3	3	-9.9910959422879261479e-05	-0.00018097289489454968653	-0.00044207610675521584681	0.00058983565973017894075	0.00047537975989617560968	-0.00052951136143199574804
2	-3	-3	0.00038776988858155994264	0.00011509579752351873705	0.00088915767002731478392	0.00012633814046559993538	-0.00063064441097294152497	-4.9607608783254121966e-05
2	-3	-2	-0.0017744928051270504425	-0.00071868475472642841338	-0.0019681936773228887738	0.00084377605031688571527	0.0011777977108572827182	-0.0019843488302017570947
2	-3	-1	0.0011634460839472194563	-0.0013385045514973626605	0.00084127002800474096934	-0.0019132530324845443102	-0.00019691791611978383273	0.0030627499944589076097
2	-3	0	0.00065188731970161780099	0.0030719329480851870554	0.00043459154646774520066	0.0020479552987234580369	-0.0017009910984905377788	-0.00183667007142540562
2	-3	1	-0.0026213417653147960337	0.00014262893213573920497	-0.0007827282865020517965	-0.00069012982117790100649	0.0028944986711234368948	-0.0023556473278051816463
2	-3	2	0.00039164413969368594643	-0.0013742010997254492776	0.00065010628322226574841	0.0021654078891256327635	0.00058351528513971267619	0.0046223129334138982061
2	-3	3	0.00086131048751456745771	0.00021673209201400405279	-0.00078437734796077136345	-0.00083899570355801364636	-0.0013585843396371497047	-0.00098348376490068299682
2	-2	-3	-3.5534598589504781771e-05	0.0014334061133152453411	0.0010950997864605088988	0.00010001948963574509497	-0.0007537562567000090797	0.00088892441578633356065
2	-2	-2	-0.0037742292658950208836	0.00085158917605332278	0.0041926083940039392955	-0.0060478249092311021223	-0.0079668376598989610465	0.0068994140852844249023
2	-2	-1	0.00099854244614569704144	-0.001027133233397359768	0.0080370022057006731964	0.0074887914207763060098	-0.014076919519109953177	-0.017031849308347331989
2	-2	0	-0.0069513420870666395995	0.0015774470412453778234	-0.0069513420870666395995	0.0015774470412453778234	-0.0077601757176038723904	0.01351724529968256934
2	-2	1	0.0020857260760428616639	-0.01276305091025622257	0.001174904658345733233	-0.012299185544176896925	-0.001821642835394256428	0.00092773073215865150577
2	-2	2	0.0040409470138754403218	-0.0014788437243880925634	0.0040559963305242313289	0.0014274254978692956647	1.5049316648790776719e-05	0.0029062692222573882281
2	-2	3	-0.00049612201887954581261	0.00095258099083017839289	-0.00045753826846608118941	-0.00076545088881963224518	2.5722500275643070844e-05	-0.0011453545864332070198
2	-1	-3	0.00094761334183076251659	-0.0026573049330312018684	-0.0024887802672324045063	-0.0025101399811565455397	0.0014613356502979765131	-0.00093482329496861939905
2	-1	-2	-0.011602176059337733147	0.0054941484141049724485	0.0017317508793465224634	0.010002495647818621799	-0.012468051499010994812	0.0004929005901956608985
2	-1	-1	0.0046972795413474073903	-0.017909948633275454832	-0.013537983066759661996	-0.017442920019461290865	0.022932542149454476776	-0.01837697724708961533
2	-1	0	0.0081958655405069049532	0.0049799241999504851447	0.016391731081013809906	0.0099598483999009702894	-0.015340296070549132301	0.017688475774083500802
2	-1	1	-0.011162946677327994019	0.013212211682066928725	-0.017113529329521325745	-0.0017017341893575388661	0.0052123640251346631605	-0.028126157553491397401
2	-1	2	-0.0011553171865423775711	-0.002833576496965784907	0.012128414450353440859	-0.0073783876060178497577	0.0072195244117190977839	-0.00085561730604313986342
2	-1	3	0.0013560772988475788652	0.0021919258871459729524	0.0010521064774449400553	0.00039668822014418106316	-0.00055334937341673922501	-0.0013290545180492548388
2	0	-3	0.016059064263197586619	-0.0062552334001965102794	-0.0068283361816638705327	-0.010336577426792756956	0.010706042842131722678	-0.0041701556001310065638
2	0	-2	-0.01473973271742645523	0.043293010277296227473	0.10257025076182159362	0.03124042552266730749	-0.01473973271742645523	0.043293010277296227473
2	0	-1	-0.0058319920535844426909	-0.064569713528703900907	-0.18608045153647265191	-0.0097061329841152330089	-0.011663984107168885382	-0.12913942705740780181
2	0	0	0	0	0.17162149523513461902	-0.065821844703971246759	0.078162483549927608273	0.14948138797624541119
2	0	1	0.040949528765829537602	0.035669117606241411422	-0.12875598857228887084	0.089550675474851779145	-0.081899057531659075204	-0.071338235212482822845
2	0	2	-0.049126643094541219692	-0.013477262045680216823	0.029136891785858758108	-0.06425592776353268587	0.049126643094541219692	0.013477262045680216823
2	0	3	0.0088306243759307175706	-0.00096088543886742761469	0.0023970844242888825204	0.0091881538102048746636	-0.0058870829172871447579	0.00064059029257828507646
2	1	-3	0.00049826117405122488137	0.00043819349968260033409	-0.0019337085036886963486	-0.0014738620018649960502	-0.00031239538519541547442	-0.00019915833416659842452
2	1	-2	0.0040412442911189633971	-0.0017511240334811952	-0.016052932290396195597	0.01348463305732792647	-0.0039852218540791352688	0.0049911924951827682517
2	1	-1	0.0035653033494001847015	0.0026208370964588495813	-0.0041136358303594574432	-0.023848156550504876622	0.0030169708684409119598	-0.018606482357587175724
2	1	0	-0.016257133607787039448	-0.0093620720357726009558	0.032514267215574078895	0.018724144071545201912	-0.0020252820555997038711	0.029871704083834233617
2	1	1	0.011848771401884254303	0.01123544853926107881	-0.025012368538828332748	-0.0073193358885882591272	0.0013148257350598265263	-0.015151561189933897625
2	1	2	-0.0049373703483742582138	-0.010341313728871516509	0.017961943768503810248	-0.010549698060156088159	-0.0040436015358776477777	0.015616162758949560588
2	1	3	0.005278530893430249081	0.0014256315166684171546	-0.0044406484535813826875	0.0039697411310520942448	-0.0020388044444263719694	-0.0022736680547963093735
2	2	-3	-0.0010159520159387430346	-0.00013417394840283089659	0.00040145662809530478386	-0.0014719046234601587241	-0.00040966359189562544631	-0.0010707190479086596026
2	2	-2	-0.0045614299051122964013	-0.0015852420247619626072	0.0038587954160526323835	-9.3234159633433813475e-05	-0.00070263448905966358407	-0.0016784761843953964477
2	2	-1	-0.0049946167966007275554	-0.0072397556858946150379	0.00065354917098721691197	0.0068628037728908301146	-0.0086821352512270223711	-0.00075390382600757017192
2	2	0	0.01164180673402678487	-0.011726615394279328933	-0.01164180673402678487	0.011726615394279328933	-0.018676679267634652137	0.00068098365631630579549
2	2	1	-0.00015631981677631217177	0.009533289921160290753	-0.0033860912719984427935	0.0067003714872275370665	0.0070848221775495099847	-0.032467322816775653904
2	2	2	0.0080689375347241902581	-0.00261410731778718812	0.00075221360548033183637	0.0058048533847574806596	-0.0088211511402045226365	-0.0031907460669702925396
2	2	3	0.00090658693934959878012	0.00095946535731263591675	-0.0010528217051219350246	-0.00015660957672188500155	9.7489843848224126861e-05	-0.00053523718706050059206
2	3	-3	0.0003397792427348835854	-0.00028860449993042217726	-0.00051816141555869504095	-0.00070866515962341954972	-0.00029164192040210596595	-0.00090106815957703429842
2	3	-2	-0.0021562157093340862148	-0.0019017729559408153624	0.003066603861979793743	0.0033917189201459292322	0.0024436900836356041829	0.0031858054242780787027
2	3	-1	0.001398460434013350023	0.00321674128858858311	-0.0025339594446805689676	-0.0028978739016854251388	-0.0048049574660150064231	-0.0022601391278791087627
2	3	0	-0.0022404993121954335303	-0.0035392757794780399863	0.0014936662081302890925	0.0023595171863186933242	0.0042138335813475518571	-0.00044006692938914758906
2	3	1	0.00080097894252723381928	0.0010535142822189723366	0.00018986863762071302963	-0.0010858367592319396501	-0.0021715637979166065377	0.0011504817132578744939
2	3	2	-0.00012662761114947627397	-0.0010679784167527497409	-7.7816192062742502123e-05	0.0012571167659526742959	0.0002433518992435900136	-0.00081769673217626170306
2	3	3	7.1522984140660346821e-05	0.00038754698773580054582	-0.00021416959892201484954	-0.00010390653369315427652	0.0001664876094949079607	-0.00015445812479737941166
3	-3	-3	0.00043715108681441615943	-4.7930497746151834568e-05	-0.00012279219513547926694	0.00041375420338910504688	0.00055994328194989542637	-0.00046168470113525686112
3	-3	-2	3.5510349873769960871e-05	-0.0003302881572353213134	-0.00076421626780204406602	-0.0010130558215741508436	0.0011995899265137210336	0.0010241514965082442953
3	-3	-1	-0.00021375703427824866267	0.00011261194824922628828	0.0017607129154492968774	-3.1067060315679065861e-05	-0.0059234098491826366745	0.00043103702569471604887
3	-3	0	9.0632998269578148097e-06	0.001075018216693951912	9.0632998269578148097e-06	0.001075018216693951912	0.0042492292192616064675	-0.0044919364304967963897
3	-3	1	-0.0023495772488202415831	-0.0012811681916538454184	-0.0022076429371930546101	0.00059501697725164101604	0.00042580293488156091899	0.0056285555067164590864
3	-3	2	0.001858294325399856067	-0.0018609563189964002401	0.00070901726320762240973	-0.0023909504566040776577	-0.0017239155932883506485	-0.0007949912064115158012
3	-3	3	-0.00067906072993086476815	5.4179670159869096997e-05	0.0018534176650493519589	0.0011921347686011892798	0.0025324783949802168355	0.0011379550984413201557
3	-2	-3	-0.0007822184153083609412	-3.5118216598304238731e-05	-9.7625278261849205634e-05	-1.5019030920555259787e-05	-0.00071713489646712809227	-2.5105529317934068928e-05
3	-2	-2	0.0019298496893852272634	-0.002252897901913962584	-0.00095269482292042312593	-0.00093162106345705123552	0.0038474693569982639126	-0.002447725789413892749
3	-2	-1	0.00019357891297440657399	0.0027682540812501081444	0.0020550629566578643322	0.00073438864424472819273	-0.0035293891743925090779	0.0068359849552608684814
3	-2	0	-0.001295500068432773981	-0.0002976765311806051713	-0.0019432501026491611883	-0.00044651479677090778406	-0.001180990880199247724	-0.0076669508623485082069
3	-2	1	-0.0008758808394031004094	-0.0011724621409035036919	0.00029748850163721911755	0.00035079084229812373952	0.0032226195214837393549	0.0042189681073067589884
3	-2	2	0.00061745992196612757303	0.00061992185518331050821	-0.00034703564483834671442	-0.00068836389402134122006	-0.001273225527787538074	-0.0016182466767963069824
3	-2	3	-0.0004941802732075540076	-0.00027559526639038420476	0.00019630087337671087871	0.00034498562015296421008	0.00062504752212536127814	0.00050558567982569369622
3	-1	-3	0.0013943579998593543141	0.00089977915128250807869	0.00025273609973208027452	3.0771306462886474599e-05	0.001310112633281994331	0.00088952204912821257812
3	-1	-2	-0.0023058140812623395197	0.0024092467320777450832	0.00052565695557884456468	0.004858973892046348185	-0.0037215495996829315618	0.0011843831520934435322
3	-1	-1	0.0010891032378841777536	-0.0072936950850020776382	-0.002006006938829272418	-0.016977960013890854019	0.0052733166524818056789	-0.0049031252411153780288
3	-1	0	0.0038481966164160552601	0.0055264075610095796109	0.01154458984924816578	0.016579222683028738833	-0.01265402031208187443	0.005242993282362055224
3	-1	1	-0.0060815442722772670645	-0.00046190641258245555096	-0.0075758774160892983912	-0.0038256399096380081827	0.01066875540074250367	-0.002439920671890641584
3	-1	2	0.0023580154773396168159	-3.8115260198634309721e-05	-0.00061358616173995677179	-0.0015385353649209660039	-0.0038438162968794037724	-0.00071209479216253145605
3	-1	3	-0.0019317204255605655711	0.00095214899246708322583	-0.00018600675100911731553	-0.00090236264973637611564	0.001869718175224193259	-0.0012529365423792084532
3	0	-3	0.0016324940191953351675	0.005024183777344481093	0.0064393403444919210948	-0.00026154103674942041002	0.0016324940191953351675	0.005024183777344481093
3	0	-2	-0.010585785963748151062	-0.0081461298824049739598	-0.011497437393201562564	0.014247590702512278465	-0.015878678945622226593	-0.012219194823607459205
3	0	-1	0.022823371232141315135	0.0042178985357200137959	0.015576985101949753984	-0.060931136565018341467	0.068470113696423945404	0.01265369560716004052
3	0	0	0	0	0.016177174681443716453	0.074252473287413509051	-0.077392030100825931482	0.021521937781402048634
3	0	1	-0.015367819081246014701	0.011665591547352180402	-0.032894611672974950756	-0.045020340887698087617	0.046103457243738044102	-0.034996774642056541205
3	0	2	0.0044985274993255310039	-0.0077878876715250016857	0.011952861574624709315	0.0078498572290902329102	-0.0067477912489882965058	0.011681831507287502095
3	0	3	4.4820356670151632536e-05	0.0044302328457549566137	-0.0061384649452026641275	-0.0019291692375993372329	-4.4820356670151632536e-05	-0.0044302328457549566137
3	1	-3	-0.0017119835674958042929	0.0011399942199501167904	0.00020158228039182286037	-1.7967560568824655009e-05	-0.0016447894740318632582	0.0011340050330938421155
3	1	-2	0.0013840086145442513643	-0.0034093503602269431205	-0.0055830177364829362829	0.0025664937419746032717	-0.00071549594642509120341	-0.003830778669353112828
3	1	-1	-0.0025086363285051638955	0.0082797605779739349291	0.013322755740885323938	-0.0044392347484887365039	0.005796846755369832252	0.020400046985433066549
3	1	0	0.0051893799724344932128	-0.0040189175432511839436	-0.015568139917303479638	0.012056752629753550096	-0.020507892692433204312	-0.023199630227539892041
3	1	1	-0.0068303090037996477824	0.00038140344208611938774	0.0056831767997535392878	-0.0092140645512505964937	0.014807750211645404059	0.008069854224992237951
3	1	2	0.0037527192372102035831	-0.0038466015215323358205	2.8907175675435637448e-05	0.0045626381666257001535	-0.0056435324436530237557	0.0034885831989856534371
3	1	3	-0.00071998570105579059401	0.0015513754675954435046	-0.00095228146978625907368	-0.0015254418140785174808	0.0010374128576512103937	-0.0010428948629026043443
3	2	-3	0.001098537843984370363	-0.00012754604689123349211	-0.00031382811818920228544	-0.00046007777239901446499	0.00088931909852490228108	-0.00043426456182390978404
3	2	-2	-0.0032064440454627534879	0.00028050422041495006852	-3.1004957356901541559e-05	-5.293170562858462105e-05	-0.0048406710255510321597	0.00036782462499384047496
3	2	-1	0.0021383023958604688818	0.00029101533359949919872	0.00077124101128359144955	-0.0014200985948808013664	0.007957389210148589978	-0.0019671511889631050282
3	2	0	0.00059502626365459296807	-0.0014312020238221655026	-0.00089253939548188945211	0.0021468030357332480371	-0.0063637771774687108828	0.0031544666539450060862
3	2	1	-0.00097291536549779867107	0.0020133414183250179438	-0.0012041697345909290438	-0.0019278341248971642401	0.0053270855656752545346	-0.0021843560051807253512
3	2	2	0.00083717230620616173153	-0.0014058675892952472459	0.00063532454916921611478	0.0013046865656426147751	-0.0018910830084784588205	0.00080411481830025609372
3	2	3	-0.00047348270023400657958	0.00014376341964474805414	8.1335729814946109865e-06	-0.00032087283191589087124	0.0004680603182463434638	7.0151801632512526688e-05
3	3	-3	-0.00093962097987589586999	0.00096689621783331688911	0.00058192333097119481895	-0.00079416563455707170696	-0.00035769764890470105104	0.00017273058327624515504
3	3	-2	0.00035302399573430983618	-0.0018396289987302704132	-0.00043524946353282135871	0.00076693185272186999591	-0.00012333820169776728379	-0.0016090457190126006802
3	3	-1	-0.0015552441511488368335	0.0026031763858776583997	0.0023280717582297920203	-0.001571928706172334364	0.0023184828212428651266	0.0030937430391159721071
3	3	0	0.0027938401771937090498	7.8389420035031154971e-05	-0.0027938401771937090498	-7.8389420035031154971e-05	-0.0024100417070786746103	-0.0030439606918240720568
3	3	1	-0.0040493966199696574543	-0.0019271616570909050597	0.0034866805784230445187	0.0010608863933647481436	0.0016881481246398377227	0.0025988257911784711819
3	3	2	0.0018739325610606777633	0.0017878456744773890165	-0.0018733731710066725898	-0.00136177513305841668	-8.3908508100797399642e-07	-0.00063910581212845861323
3	3	3	-0.00057796077044858511391	-0.00063147200227495203784	0.00025017071292554056818	2.2288831451703179442e-05	0.00032779005752304449153	0.00060918317082324878724
