# exact-gradient local quartic closure adversary; cutoff=1; objective=signed-closure-ratio; selection=local; objective_value=0.074018; constant_ratio=0.074018; candidate_lemma_proved=false
kx	ky	kz	ux_re	ux_im	uy_re	uy_im	uz_re	uz_im
-1	-1	-1	9.6271359335238065316e-05	-0.00022501476790152591975	-0.12378116165280426964	-0.022110707955493656696	0.12368489029346903252	0.022335722723395182859
-1	-1	0	-0.00014052735034169219872	4.4055306130610164255e-05	0.00014052735034169219872	-4.4055306130610164255e-05	-1.2300442237416236024e-06	3.7706919141209596245e-05
-1	-1	1	7.3117131702163861914e-05	-1.1232307066792234174e-05	-2.2305558772344133704e-05	-2.6738513367979533239e-06	5.081157292981972821e-05	-1.3906158403590187074e-05
-1	0	-1	6.84314426304373849e-05	-6.0386745669010723691e-05	-0.00022340866217619316362	0.00013748716152099332388	-6.84314426304373849e-05	6.0386745669010723691e-05
-1	0	0	0	-0	-0.46378058197155047626	0.054649621456128449903	-0.46453682006573371321	0.053737660532645510625
-1	0	1	0.00010967251732002505015	-5.6618913472017319154e-05	4.0105357319865342879e-05	-0.0001690866406007473751	0.00010967251732002505015	-5.6618913472017319154e-05
-1	1	-1	-4.7776264416848386466e-05	-3.6368254452093687714e-05	-5.6825654288951135608e-05	5.1805304026173502158e-05	-9.0493898721027542248e-06	8.8173558478267196649e-05
-1	1	0	-0.0002456062324997695381	-1.5574770770652072222e-06	-0.0002456062324997695381	-1.5574770770652072222e-06	0.00032274640448091675366	-0.00024596931589520296992
-1	1	1	0.00013640067409101581681	8.1461752731063947239e-05	-0.1152346919217711041	0.050244741714386587095	0.11537109259586211807	-0.050163279961655524164
0	-1	-1	1.9330144332239386859e-05	0.0001534724596999777744	-1.8395072344265119528e-05	5.5833852517035134546e-05	1.8395072344265119528e-05	-5.5833852517035134546e-05
0	-1	0	0.00018287879965562549561	0.00011665653204950619359	0	-0	-0.00027964201497358560748	8.2825238108773834912e-05
0	-1	1	0.00021803773858278767536	-0.00015921348846126975873	4.3927529640562786397e-05	-1.1913729796207529898e-05	4.3927529640562786397e-05	-1.1913729796207529898e-05
0	0	-1	0.00014235880792152054582	-0.00012698572755813228937	6.9725676603134834606e-05	0.0001435429565518187402	0	-0
0	0	1	0.00014235880792152054582	0.00012698572755813228937	6.9725676603134834606e-05	-0.0001435429565518187402	0	0
0	1	-1	0.00021803773858278767536	0.00015921348846126975873	4.3927529640562786397e-05	1.1913729796207529898e-05	4.3927529640562786397e-05	1.1913729796207529898e-05
0	1	0	0.00018287879965562549561	-0.00011665653204950619359	0	0	-0.00027964201497358560748	-8.2825238108773834912e-05
0	1	1	1.9330144332239386859e-05	-0.0001534724596999777744	-1.8395072344265119528e-05	-5.5833852517035134546e-05	1.8395072344265119528e-05	5.5833852517035134546e-05
1	-1	-1	0.00013640067409101581681	-8.1461752731063947239e-05	-0.1152346919217711041	-0.050244741714386587095	0.11537109259586211807	0.050163279961655524164
1	-1	0	-0.0002456062324997695381	1.5574770770652072222e-06	-0.0002456062324997695381	1.5574770770652072222e-06	0.00032274640448091675366	0.00024596931589520296992
1	-1	1	-4.7776264416848386466e-05	3.6368254452093687714e-05	-5.6825654288951135608e-05	-5.1805304026173502158e-05	-9.0493898721027542248e-06	-8.8173558478267196649e-05
1	0	-1	0.00010967251732002505015	5.6618913472017319154e-05	4.0105357319865342879e-05	0.0001690866406007473751	0.00010967251732002505015	5.6618913472017319154e-05
1	0	0	0	0	-0.46378058197155047626	-0.054649621456128449903	-0.46453682006573371321	-0.053737660532645510625
1	0	1	6.84314426304373849e-05	6.0386745669010723691e-05	-0.00022340866217619316362	-0.00013748716152099332388	-6.84314426304373849e-05	-6.0386745669010723691e-05
1	1	-1	7.3117131702163861914e-05	1.1232307066792234174e-05	-2.2305558772344133704e-05	2.6738513367979533239e-06	5.081157292981972821e-05	1.3906158403590187074e-05
1	1	0	-0.00014052735034169219872	-4.4055306130610164255e-05	0.00014052735034169219872	4.4055306130610164255e-05	-1.2300442237416236024e-06	-3.7706919141209596245e-05
1	1	1	9.6271359335238065316e-05	0.00022501476790152591975	-0.12378116165280426964	0.022110707955493656696	0.12368489029346903252	-0.022335722723395182859
