# exact-gradient local quartic closure adversary; cutoff=7; objective=closure-ratio; selection=local; objective_value=0.111111; constant_ratio=0.333333; candidate_lemma_proved=false
kx	ky	kz	ux_re	ux_im	uy_re	uy_im	uz_re	uz_im
-7	-7	-7	0	-0	0	-0	0	-0
-7	-7	-6	0	-0	0	-0	0	-0
-7	-7	-5	0	-0	0	-0	0	-0
-7	-7	-4	0	-0	0	-0	0	-0
-7	-7	-3	0	-0	0	-0	0	-0
-7	-7	-2	0	-0	0	-0	0	-0
-7	-7	-1	0	-0	0	-0	0	-0
-7	-7	0	0	-0	0	-0	0	-0
-7	-7	1	0	0	0	0	0	0
-7	-7	2	0	0	0	0	0	0
-7	-7	3	0	0	0	0	0	0
-7	-7	4	0	0	0	0	0	0
-7	-7	5	0	0	0	0	0	0
-7	-7	6	0	0	0	0	0	0
-7	-7	7	0	0	0	0	0	0
-7	-6	-7	0	-0	0	-0	0	-0
-7	-6	-6	0	-0	0	-0	0	-0
-7	-6	-5	0	-0	0	-0	0	-0
-7	-6	-4	0	-0	0	-0	0	-0
-7	-6	-3	0	-0	0	-0	0	-0
-7	-6	-2	0	-0	0	-0	0	-0
-7	-6	-1	0	-0	0	-0	0	-0
-7	-6	0	0	-0	0	-0	0	-0
-7	-6	1	0	0	0	0	0	0
-7	-6	2	0	0	0	0	0	0
-7	-6	3	0	0	0	0	0	0
-7	-6	4	0	0	0	0	0	0
-7	-6	5	0	0	0	0	0	0
-7	-6	6	0	0	0	0	0	0
-7	-6	7	0	0	0	0	0	0
-7	-5	-7	0	-0	0	-0	0	-0
-7	-5	-6	0	-0	0	-0	0	-0
-7	-5	-5	0	-0	0	-0	0	-0
-7	-5	-4	0	-0	0	-0	0	-0
-7	-5	-3	0	-0	0	-0	0	-0
-7	-5	-2	0	-0	0	-0	0	-0
-7	-5	-1	0	-0	0	-0	0	-0
-7	-5	0	0	-0	0	-0	0	-0
-7	-5	1	0	0	0	0	0	0
-7	-5	2	0	0	0	0	0	0
-7	-5	3	0	0	0	0	0	0
-7	-5	4	0	0	0	0	0	0
-7	-5	5	0	0	0	0	0	0
-7	-5	6	0	0	0	0	0	0
-7	-5	7	0	0	0	0	0	0
-7	-4	-7	0	-0	0	-0	0	-0
-7	-4	-6	0	-0	0	-0	0	-0
-7	-4	-5	0	-0	0	-0	0	-0
-7	-4	-4	0	-0	0	-0	0	-0
-7	-4	-3	0	-0	0	-0	0	-0
-7	-4	-2	0	-0	0	-0	0	-0
-7	-4	-1	0	-0	0	-0	0	-0
-7	-4	0	0	-0	0	-0	0	-0
-7	-4	1	0	0	0	0	0	0
-7	-4	2	0	0	0	0	0	0
-7	-4	3	0	0	0	0	0	0
-7	-4	4	0	0	0	0	0	0
-7	-4	5	0	0	0	0	0	0
-7	-4	6	0	0	0	0	0	0
-7	-4	7	0	0	0	0	0	0
-7	-3	-7	0	-0	0	-0	0	-0
-7	-3	-6	0	-0	0	-0	0	-0
-7	-3	-5	0	-0	0	-0	0	-0
-7	-3	-4	0	-0	0	-0	0	-0
-7	-3	-3	0	-0	0	-0	0	-0
-7	-3	-2	0	-0	0	-0	0	-0
-7	-3	-1	0	-0	0	-0	0	-0
-7	-3	0	0	-0	0	-0	0	-0
-7	-3	1	0	0	0	0	0	0
-7	-3	2	0	0	0	0	0	0
-7	-3	3	0	0	0	0	0	0
-7	-3	4	0	0	0	0	0	0
-7	-3	5	0	0	0	0	0	0
-7	-3	6	0	0	0	0	0	0
-7	-3	7	0	0	0	0	0	0
-7	-2	-7	0	-0	0	-0	0	-0
-7	-2	-6	0	-0	0	-0	0	-0
-7	-2	-5	0	-0	0	-0	0	-0
-7	-2	-4	0	-0	0	-0	0	-0
-7	-2	-3	0	-0	0	-0	0	-0
-7	-2	-2	0	-0	0	-0	0	-0
-7	-2	-1	0	-0	0	-0	0	-0
-7	-2	0	0	-0	0	-0	0	-0
-7	-2	1	0	0	0	0	0	0
-7	-2	2	0	0	0	0	0	0
-7	-2	3	0	0	0	0	0	0
-7	-2	4	0	0	0	0	0	0
-7	-2	5	0	0	0	0	0	0
-7	-2	6	0	0	0	0	0	0
-7	-2	7	0	0	0	0	0	0
-7	-1	-7	0	-0	0	-0	0	-0
-7	-1	-6	0	-0	0	-0	0	-0
-7	-1	-5	0	-0	0	-0	0	-0
-7	-1	-4	0	-0	0	-0	0	-0
-7	-1	-3	0	-0	0	-0	0	-0
-7	-1	-2	0	-0	0	-0	0	-0
-7	-1	-1	0	-0	0	-0	0	-0
-7	-1	0	0	-0	0	-0	0	-0
-7	-1	1	0	0	0	0	0	0
-7	-1	2	0	0	0	0	0	0
-7	-1	3	0	0	0	0	0	0
-7	-1	4	0	0	0	0	0	0
-7	-1	5	0	0	0	0	0	0
-7	-1	6	0	0	0	0	0	0
-7	-1	7	0	0	0	0	0	0
-7	0	-7	0	-0	0	-0	0	-0
-7	0	-6	0	-0	0	-0	0	-0
-7	0	-5	0	-0	0	-0	0	-0
-7	0	-4	0	-0	0	-0	0	-0
-7	0	-3	0	-0	0	-0	0	-0
-7	0	-2	0	-0	0	-0	0	-0
-7	0	-1	0	-0	0	-0	0	-0
-7	0	0	0	-0	0	-0	0	-0
-7	0	1	0	0	0	0	0	0
-7	0	2	0	0	0	0	0	0
-7	0	3	0	0	0	0	0	0
-7	0	4	0	0	0	0	0	0
-7	0	5	0	0	0	0	0	0
-7	0	6	0	0	0	0	0	0
-7	0	7	0	0	0	0	0	0
-7	1	-7	0	-0	0	-0	0	-0
-7	1	-6	0	-0	0	-0	0	-0
-7	1	-5	0	-0	0	-0	0	-0
-7	1	-4	0	-0	0	-0	0	-0
-7	1	-3	0	-0	0	-0	0	-0
-7	1	-2	0	-0	0	-0	0	-0
-7	1	-1	0	-0	0	-0	0	-0
-7	1	0	0	0	0	0	0	0
-7	1	1	0	0	0	0	0	0
-7	1	2	0	0	0	0	0	0
-7	1	3	0	0	0	0	0	0
-7	1	4	0	0	0	0	0	0
-7	1	5	0	0	0	0	0	0
-7	1	6	0	0	0	0	0	0
-7	1	7	0	0	0	0	0	0
-7	2	-7	0	-0	0	-0	0	-0
-7	2	-6	0	-0	0	-0	0	-0
-7	2	-5	0	-0	0	-0	0	-0
-7	2	-4	0	-0	0	-0	0	-0
-7	2	-3	0	-0	0	-0	0	-0
-7	2	-2	0	-0	0	-0	0	-0
-7	2	-1	0	-0	0	-0	0	-0
-7	2	0	0	0	0	0	0	0
-7	2	1	0	0	0	0	0	0
-7	2	2	0	0	0	0	0	0
-7	2	3	0	0	0	0	0	0
-7	2	4	0	0	0	0	0	0
-7	2	5	0	0	0	0	0	0
-7	2	6	0	0	0	0	0	0
-7	2	7	0	0	0	0	0	0
-7	3	-7	0	-0	0	-0	0	-0
-7	3	-6	0	-0	0	-0	0	-0
-7	3	-5	0	-0	0	-0	0	-0
-7	3	-4	0	-0	0	-0	0	-0
-7	3	-3	0	-0	0	-0	0	-0
-7	3	-2	0	-0	0	-0	0	-0
-7	3	-1	0	-0	0	-0	0	-0
-7	3	0	0	0	0	0	0	0
-7	3	1	0	0	0	0	0	0
-7	3	2	0	0	0	0	0	0
-7	3	3	0	0	0	0	0	0
-7	3	4	0	0	0	0	0	0
-7	3	5	0	0	0	0	0	0
-7	3	6	0	0	0	0	0	0
-7	3	7	0	0	0	0	0	0
-7	4	-7	0	-0	0	-0	0	-0
-7	4	-6	0	-0	0	-0	0	-0
-7	4	-5	0	-0	0	-0	0	-0
-7	4	-4	0	-0	0	-0	0	-0
-7	4	-3	0	-0	0	-0	0	-0
-7	4	-2	0	-0	0	-0	0	-0
-7	4	-1	0	-0	0	-0	0	-0
-7	4	0	0	0	0	0	0	0
-7	4	1	0	0	0	0	0	0
-7	4	2	0	0	0	0	0	0
-7	4	3	0	0	0	0	0	0
-7	4	4	0	0	0	0	0	0
-7	4	5	0	0	0	0	0	0
-7	4	6	0	0	0	0	0	0
-7	4	7	0	0	0	0	0	0
-7	5	-7	0	-0	0	-0	0	-0
-7	5	-6	0	-0	0	-0	0	-0
-7	5	-5	0	-0	0	-0	0	-0
-7	5	-4	0	-0	0	-0	0	-0
-7	5	-3	0	-0	0	-0	0	-0
-7	5	-2	0	-0	0	-0	0	-0
-7	5	-1	0	-0	0	-0	0	-0
-7	5	0	0	0	0	0	0	0
-7	5	1	0	0	0	0	0	0
-7	5	2	0	0	0	0	0	0
-7	5	3	0	0	0	0	0	0
-7	5	4	0	0	0	0	0	0
-7	5	5	0	0	0	0	0	0
-7	5	6	0	0	0	0	0	0
-7	5	7	0	0	0	0	0	0
-7	6	-7	0	-0	0	-0	0	-0
-7	6	-6	0	-0	0	-0	0	-0
-7	6	-5	0	-0	0	-0	0	-0
-7	6	-4	0	-0	0	-0	0	-0
-7	6	-3	0	-0	0	-0	0	-0
-7	6	-2	0	-0	0	-0	0	-0
-7	6	-1	0	-0	0	-0	0	-0
-7	6	0	0	0	0	0	0	0
-7	6	1	0	0	0	0	0	0
-7	6	2	0	0	0	0	0	0
-7	6	3	0	0	0	0	0	0
-7	6	4	0	0	0	0	0	0
-7	6	5	0	0	0	0	0	0
-7	6	6	0	0	0	0	0	0
-7	6	7	0	0	0	0	0	0
-7	7	-7	0	-0	0	-0	0	-0
-7	7	-6	0	-0	0	-0	0	-0
-7	7	-5	0	-0	0	-0	0	-0
-7	7	-4	0	-0	0	-0	0	-0
-7	7	-3	0	-0	0	-0	0	-0
-7	7	-2	0	-0	0	-0	0	-0
-7	7	-1	0	-0	0	-0	0	-0
-7	7	0	0	0	0	0	0	0
-7	7	1	0	0	0	0	0	0
-7	7	2	0	0	0	0	0	0
-7	7	3	0	0	0	0	0	0
-7	7	4	0	0	0	0	0	0
-7	7	5	0	0	0	0	0	0
-7	7	6	0	0	0	0	0	0
-7	7	7	0	0	0	0	0	0
-6	-7	-7	0	-0	0	-0	0	-0
-6	-7	-6	0	-0	0	-0	0	-0
-6	-7	-5	0	-0	0	-0	0	-0
-6	-7	-4	0	-0	0	-0	0	-0
-6	-7	-3	0	-0	0	-0	0	-0
-6	-7	-2	0	-0	0	-0	0	-0
-6	-7	-1	0	-0	0	-0	0	-0
-6	-7	0	0	-0	0	-0	0	-0
-6	-7	1	0	0	0	0	0	0
-6	-7	2	0	0	0	0	0	0
-6	-7	3	0	0	0	0	0	0
-6	-7	4	0	0	0	0	0	0
-6	-7	5	0	0	0	0	0	0
-6	-7	6	0	0	0	0	0	0
-6	-7	7	0	0	0	0	0	0
-6	-6	-7	0	-0	0	-0	0	-0
-6	-6	-6	0	-0	0	-0	0	-0
-6	-6	-5	0	-0	0	-0	0	-0
-6	-6	-4	0	-0	0	-0	0	-0
-6	-6	-3	0	-0	0	-0	0	-0
-6	-6	-2	0	-0	0	-0	0	-0
-6	-6	-1	0	-0	0	-0	0	-0
-6	-6	0	0	-0	0	-0	0	-0
-6	-6	1	0	0	0	0	0	0
-6	-6	2	0	0	0	0	0	0
-6	-6	3	0	0	0	0	0	0
-6	-6	4	0	0	0	0	0	0
-6	-6	5	0	0	0	0	0	0
-6	-6	6	0	0	0	0	0	0
-6	-6	7	0	0	0	0	0	0
-6	-5	-7	0	-0	0	-0	0	-0
-6	-5	-6	0	-0	0	-0	0	-0
-6	-5	-5	0	-0	0	-0	0	-0
-6	-5	-4	0	-0	0	-0	0	-0
-6	-5	-3	0	-0	0	-0	0	-0
-6	-5	-2	0	-0	0	-0	0	-0
-6	-5	-1	0	-0	0	-0	0	-0
-6	-5	0	0	-0	0	-0	0	-0
-6	-5	1	0	0	0	0	0	0
-6	-5	2	0	0	0	0	0	0
-6	-5	3	0	0	0	0	0	0
-6	-5	4	0	0	0	0	0	0
-6	-5	5	0	0	0	0	0	0
-6	-5	6	0	0	0	0	0	0
-6	-5	7	0	0	0	0	0	0
-6	-4	-7	0	-0	0	-0	0	-0
-6	-4	-6	0	-0	0	-0	0	-0
-6	-4	-5	0	-0	0	-0	0	-0
-6	-4	-4	0	-0	0	-0	0	-0
-6	-4	-3	0	-0	0	-0	0	-0
-6	-4	-2	0	-0	0	-0	0	-0
-6	-4	-1	0	-0	0	-0	0	-0
-6	-4	0	0	-0	0	-0	0	-0
-6	-4	1	0	0	0	0	0	0
-6	-4	2	0	0	0	0	0	0
-6	-4	3	0	0	0	0	0	0
-6	-4	4	0	0	0	0	0	0
-6	-4	5	0	0	0	0	0	0
-6	-4	6	0	0	0	0	0	0
-6	-4	7	0	0	0	0	0	0
-6	-3	-7	0	-0	0	-0	0	-0
-6	-3	-6	0	-0	0	-0	0	-0
-6	-3	-5	0	-0	0	-0	0	-0
-6	-3	-4	0	-0	0	-0	0	-0
-6	-3	-3	0	-0	0	-0	0	-0
-6	-3	-2	0	-0	0	-0	0	-0
-6	-3	-1	0	-0	0	-0	0	-0
-6	-3	0	0	-0	0	-0	0	-0
-6	-3	1	0	0	0	0	0	0
-6	-3	2	0	0	0	0	0	0
-6	-3	3	0	0	0	0	0	0
-6	-3	4	0	0	0	0	0	0
-6	-3	5	0	0	0	0	0	0
-6	-3	6	0	0	0	0	0	0
-6	-3	7	0	0	0	0	0	0
-6	-2	-7	0	-0	0	-0	0	-0
-6	-2	-6	0	-0	0	-0	0	-0
-6	-2	-5	0	-0	0	-0	0	-0
-6	-2	-4	0	-0	0	-0	0	-0
-6	-2	-3	0	-0	0	-0	0	-0
-6	-2	-2	0	-0	0	-0	0	-0
-6	-2	-1	0	-0	0	-0	0	-0
-6	-2	0	0	-0	0	-0	0	-0
-6	-2	1	0	0	0	0	0	0
-6	-2	2	0	0	0	0	0	0
-6	-2	3	0	0	0	0	0	0
-6	-2	4	0	0	0	0	0	0
-6	-2	5	0	0	0	0	0	0
-6	-2	6	0	0	0	0	0	0
-6	-2	7	0	0	0	0	0	0
-6	-1	-7	0	-0	0	-0	0	-0
-6	-1	-6	0	-0	0	-0	0	-0
-6	-1	-5	0	-0	0	-0	0	-0
-6	-1	-4	0	-0	0	-0	0	-0
-6	-1	-3	0	-0	0	-0	0	-0
-6	-1	-2	0	-0	0	-0	0	-0
-6	-1	-1	0	-0	0	-0	0	-0
-6	-1	0	0	-0	0	-0	0	-0
-6	-1	1	0	0	0	0	0	0
-6	-1	2	0	0	0	0	0	0
-6	-1	3	0	0	0	0	0	0
-6	-1	4	0	0	0	0	0	0
-6	-1	5	0	0	0	0	0	0
-6	-1	6	0	0	0	0	0	0
-6	-1	7	0	0	0	0	0	0
-6	0	-7	0	-0	0	-0	0	-0
-6	0	-6	0	-0	0	-0	0	-0
-6	0	-5	0	-0	0	-0	0	-0
-6	0	-4	0	-0	0	-0	0	-0
-6	0	-3	0	-0	0	-0	0	-0
-6	0	-2	0	-0	0	-0	0	-0
-6	0	-1	0	-0	0	-0	0	-0
-6	0	0	0	-0	0	-0	0	-0
-6	0	1	0	0	0	0	0	0
-6	0	2	0	0	0	0	0	0
-6	0	3	0	0	0	0	0	0
-6	0	4	0	0	0	0	0	0
-6	0	5	0	0	0	0	0	0
-6	0	6	0	0	0	0	0	0
-6	0	7	0	0	0	0	0	0
-6	1	-7	0	-0	0	-0	0	-0
-6	1	-6	0	-0	0	-0	0	-0
-6	1	-5	0	-0	0	-0	0	-0
-6	1	-4	0	-0	0	-0	0	-0
-6	1	-3	0	-0	0	-0	0	-0
-6	1	-2	0	-0	0	-0	0	-0
-6	1	-1	0	-0	0	-0	0	-0
-6	1	0	0	0	0	0	0	0
-6	1	1	0	0	0	0	0	0
-6	1	2	0	0	0	0	0	0
-6	1	3	0	0	0	0	0	0
-6	1	4	0	0	0	0	0	0
-6	1	5	0	0	0	0	0	0
-6	1	6	0	0	0	0	0	0
-6	1	7	0	0	0	0	0	0
-6	2	-7	0	-0	0	-0	0	-0
-6	2	-6	0	-0	0	-0	0	-0
-6	2	-5	0	-0	0	-0	0	-0
-6	2	-4	0	-0	0	-0	0	-0
-6	2	-3	0	-0	0	-0	0	-0
-6	2	-2	0	-0	0	-0	0	-0
-6	2	-1	0	-0	0	-0	0	-0
-6	2	0	0	0	0	0	0	0
-6	2	1	0	0	0	0	0	0
-6	2	2	0	0	0	0	0	0
-6	2	3	0	0	0	0	0	0
-6	2	4	0	0	0	0	0	0
-6	2	5	0	0	0	0	0	0
-6	2	6	0	0	0	0	0	0
-6	2	7	0	0	0	0	0	0
-6	3	-7	0	-0	0	-0	0	-0
-6	3	-6	0	-0	0	-0	0	-0
-6	3	-5	0	-0	0	-0	0	-0
-6	3	-4	0	-0	0	-0	0	-0
-6	3	-3	0	-0	0	-0	0	-0
-6	3	-2	0	-0	0	-0	0	-0
-6	3	-1	0	-0	0	-0	0	-0
-6	3	0	0	0	0	0	0	0
-6	3	1	0	0	0	0	0	0
-6	3	2	0	0	0	0	0	0
-6	3	3	0	0	0	0	0	0
-6	3	4	0	0	0	0	0	0
-6	3	5	0	0	0	0	0	0
-6	3	6	0	0	0	0	0	0
-6	3	7	0	0	0	0	0	0
-6	4	-7	0	-0	0	-0	0	-0
-6	4	-6	0	-0	0	-0	0	-0
-6	4	-5	0	-0	0	-0	0	-0
-6	4	-4	0	-0	0	-0	0	-0
-6	4	-3	0	-0	0	-0	0	-0
-6	4	-2	0	-0	0	-0	0	-0
-6	4	-1	0	-0	0	-0	0	-0
-6	4	0	0	0	0	0	0	0
-6	4	1	0	0	0	0	0	0
-6	4	2	0	0	0	0	0	0
-6	4	3	0	0	0	0	0	0
-6	4	4	0	0	0	0	0	0
-6	4	5	0	0	0	0	0	0
-6	4	6	0	0	0	0	0	0
-6	4	7	0	0	0	0	0	0
-6	5	-7	0	-0	0	-0	0	-0
-6	5	-6	0	-0	0	-0	0	-0
-6	5	-5	0	-0	0	-0	0	-0
-6	5	-4	0	-0	0	-0	0	-0
-6	5	-3	0	-0	0	-0	0	-0
-6	5	-2	0	-0	0	-0	0	-0
-6	5	-1	0	-0	0	-0	0	-0
-6	5	0	0	0	0	0	0	0
-6	5	1	0	0	0	0	0	0
-6	5	2	0	0	0	0	0	0
-6	5	3	0	0	0	0	0	0
-6	5	4	0	0	0	0	0	0
-6	5	5	0	0	0	0	0	0
-6	5	6	0	0	0	0	0	0
-6	5	7	0	0	0	0	0	0
-6	6	-7	0	-0	0	-0	0	-0
-6	6	-6	0	-0	0	-0	0	-0
-6	6	-5	0	-0	0	-0	0	-0
-6	6	-4	0	-0	0	-0	0	-0
-6	6	-3	0	-0	0	-0	0	-0
-6	6	-2	0	-0	0	-0	0	-0
-6	6	-1	0	-0	0	-0	0	-0
-6	6	0	0	0	0	0	0	0
-6	6	1	0	0	0	0	0	0
-6	6	2	0	0	0	0	0	0
-6	6	3	0	0	0	0	0	0
-6	6	4	0	0	0	0	0	0
-6	6	5	0	0	0	0	0	0
-6	6	6	0	0	0	0	0	0
-6	6	7	0	0	0	0	0	0
-6	7	-7	0	-0	0	-0	0	-0
-6	7	-6	0	-0	0	-0	0	-0
-6	7	-5	0	-0	0	-0	0	-0
-6	7	-4	0	-0	0	-0	0	-0
-6	7	-3	0	-0	0	-0	0	-0
-6	7	-2	0	-0	0	-0	0	-0
-6	7	-1	0	-0	0	-0	0	-0
-6	7	0	0	0	0	0	0	0
-6	7	1	0	0	0	0	0	0
-6	7	2	0	0	0	0	0	0
-6	7	3	0	0	0	0	0	0
-6	7	4	0	0	0	0	0	0
-6	7	5	0	0	0	0	0	0
-6	7	6	0	0	0	0	0	0
-6	7	7	0	0	0	0	0	0
-5	-7	-7	0	-0	0	-0	0	-0
-5	-7	-6	0	-0	0	-0	0	-0
-5	-7	-5	0	-0	0	-0	0	-0
-5	-7	-4	0	-0	0	-0	0	-0
-5	-7	-3	0	-0	0	-0	0	-0
-5	-7	-2	0	-0	0	-0	0	-0
-5	-7	-1	0	-0	0	-0	0	-0
-5	-7	0	0	-0	0	-0	0	-0
-5	-7	1	0	0	0	0	0	0
-5	-7	2	0	0	0	0	0	0
-5	-7	3	0	0	0	0	0	0
-5	-7	4	0	0	0	0	0	0
-5	-7	5	0	0	0	0	0	0
-5	-7	6	0	0	0	0	0	0
-5	-7	7	0	0	0	0	0	0
-5	-6	-7	0	-0	0	-0	0	-0
-5	-6	-6	0	-0	0	-0	0	-0
-5	-6	-5	0	-0	0	-0	0	-0
-5	-6	-4	0	-0	0	-0	0	-0
-5	-6	-3	0	-0	0	-0	0	-0
-5	-6	-2	0	-0	0	-0	0	-0
-5	-6	-1	0	-0	0	-0	0	-0
-5	-6	0	0	-0	0	-0	0	-0
-5	-6	1	0	0	0	0	0	0
-5	-6	2	0	0	0	0	0	0
-5	-6	3	0	0	0	0	0	0
-5	-6	4	0	0	0	0	0	0
-5	-6	5	0	0	0	0	0	0
-5	-6	6	0	0	0	0	0	0
-5	-6	7	0	0	0	0	0	0
-5	-5	-7	0	-0	0	-0	0	-0
-5	-5	-6	0	-0	0	-0	0	-0
-5	-5	-5	0	-0	0	-0	0	-0
-5	-5	-4	0	-0	0	-0	0	-0
-5	-5	-3	0	-0	0	-0	0	-0
-5	-5	-2	0	-0	0	-0	0	-0
-5	-5	-1	0	-0	0	-0	0	-0
-5	-5	0	0	-0	0	-0	0	-0
-5	-5	1	0	0	0	0	0	0
-5	-5	2	0	0	0	0	0	0
-5	-5	3	0	0	0	0	0	0
-5	-5	4	0	0	0	0	0	0
-5	-5	5	0	0	0	0	0	0
-5	-5	6	0	0	0	0	0	0
-5	-5	7	0	0	0	0	0	0
-5	-4	-7	0	-0	0	-0	0	-0
-5	-4	-6	0	-0	0	-0	0	-0
-5	-4	-5	0	-0	0	-0	0	-0
-5	-4	-4	0	-0	0	-0	0	-0
-5	-4	-3	0	-0	0	-0	0	-0
-5	-4	-2	0	-0	0	-0	0	-0
-5	-4	-1	0	-0	0	-0	0	-0
-5	-4	0	0	-0	0	-0	0	-0
-5	-4	1	0	0	0	0	0	0
-5	-4	2	0	0	0	0	0	0
-5	-4	3	0	0	0	0	0	0
-5	-4	4	0	0	0	0	0	0
-5	-4	5	0	0	0	0	0	0
-5	-4	6	0	0	0	0	0	0
-5	-4	7	0	0	0	0	0	0
-5	-3	-7	0	-0	0	-0	0	-0
-5	-3	-6	0	-0	0	-0	0	-0
-5	-3	-5	0	-0	0	-0	0	-0
-5	-3	-4	0	-0	0	-0	0	-0
-5	-3	-3	0	-0	0	-0	0	-0
-5	-3	-2	0	-0	0	-0	0	-0
-5	-3	-1	0	-0	0	-0	0	-0
-5	-3	0	0	-0	0	-0	0	-0
-5	-3	1	0	0	0	0	0	0
-5	-3	2	0	0	0	0	0	0
-5	-3	3	0	0	0	0	0	0
-5	-3	4	0	0	0	0	0	0
-5	-3	5	0	0	0	0	0	0
-5	-3	6	0	0	0	0	0	0
-5	-3	7	0	0	0	0	0	0
-5	-2	-7	0	-0	0	-0	0	-0
-5	-2	-6	0	-0	0	-0	0	-0
-5	-2	-5	0	-0	0	-0	0	-0
-5	-2	-4	0	-0	0	-0	0	-0
-5	-2	-3	0	-0	0	-0	0	-0
-5	-2	-2	0	-0	0	-0	0	-0
-5	-2	-1	0	-0	0	-0	0	-0
-5	-2	0	0	-0	0	-0	0	-0
-5	-2	1	0	0	0	0	0	0
-5	-2	2	0	0	0	0	0	0
-5	-2	3	0	0	0	0	0	0
-5	-2	4	0	0	0	0	0	0
-5	-2	5	0	0	0	0	0	0
-5	-2	6	0	0	0	0	0	0
-5	-2	7	0	0	0	0	0	0
-5	-1	-7	0	-0	0	-0	0	-0
-5	-1	-6	0	-0	0	-0	0	-0
-5	-1	-5	0	-0	0	-0	0	-0
-5	-1	-4	0	-0	0	-0	0	-0
-5	-1	-3	0	-0	0	-0	0	-0
-5	-1	-2	0	-0	0	-0	0	-0
-5	-1	-1	0	-0	0	-0	0	-0
-5	-1	0	0	-0	0	-0	0	-0
-5	-1	1	0	0	0	0	0	0
-5	-1	2	0	0	0	0	0	0
-5	-1	3	0	0	0	0	0	0
-5	-1	4	0	0	0	0	0	0
-5	-1	5	0	0	0	0	0	0
-5	-1	6	0	0	0	0	0	0
-5	-1	7	0	0	0	0	0	0
-5	0	-7	0	-0	0	-0	0	-0
-5	0	-6	0	-0	0	-0	0	-0
-5	0	-5	0	-0	0	-0	0	-0
-5	0	-4	0	-0	0	-0	0	-0
-5	0	-3	0	-0	0	-0	0	-0
-5	0	-2	0	-0	0	-0	0	-0
-5	0	-1	0	-0	0	-0	0	-0
-5	0	0	0	-0	0	-0	0	-0
-5	0	1	0	0	0	0	0	0
-5	0	2	0	0	0	0	0	0
-5	0	3	0	0	0	0	0	0
-5	0	4	0	0	0	0	0	0
-5	0	5	0	0	0	0	0	0
-5	0	6	0	0	0	0	0	0
-5	0	7	0	0	0	0	0	0
-5	1	-7	0	-0	0	-0	0	-0
-5	1	-6	0	-0	0	-0	0	-0
-5	1	-5	0	-0	0	-0	0	-0
-5	1	-4	0	-0	0	-0	0	-0
-5	1	-3	0	-0	0	-0	0	-0
-5	1	-2	0	-0	0	-0	0	-0
-5	1	-1	0	-0	0	-0	0	-0
-5	1	0	0	0	0	0	0	0
-5	1	1	0	0	0	0	0	0
-5	1	2	0	0	0	0	0	0
-5	1	3	0	0	0	0	0	0
-5	1	4	0	0	0	0	0	0
-5	1	5	0	0	0	0	0	0
-5	1	6	0	0	0	0	0	0
-5	1	7	0	0	0	0	0	0
-5	2	-7	0	-0	0	-0	0	-0
-5	2	-6	0	-0	0	-0	0	-0
-5	2	-5	0	-0	0	-0	0	-0
-5	2	-4	0	-0	0	-0	0	-0
-5	2	-3	0	-0	0	-0	0	-0
-5	2	-2	0	-0	0	-0	0	-0
-5	2	-1	0	-0	0	-0	0	-0
-5	2	0	0	0	0	0	0	0
-5	2	1	0	0	0	0	0	0
-5	2	2	0	0	0	0	0	0
-5	2	3	0	0	0	0	0	0
-5	2	4	0	0	0	0	0	0
-5	2	5	0	0	0	0	0	0
-5	2	6	0	0	0	0	0	0
-5	2	7	0	0	0	0	0	0
-5	3	-7	0	-0	0	-0	0	-0
-5	3	-6	0	-0	0	-0	0	-0
-5	3	-5	0	-0	0	-0	0	-0
-5	3	-4	0	-0	0	-0	0	-0
-5	3	-3	0	-0	0	-0	0	-0
-5	3	-2	0	-0	0	-0	0	-0
-5	3	-1	0	-0	0	-0	0	-0
-5	3	0	0	0	0	0	0	0
-5	3	1	0	0	0	0	0	0
-5	3	2	0	0	0	0	0	0
-5	3	3	0	0	0	0	0	0
-5	3	4	0	0	0	0	0	0
-5	3	5	0	0	0	0	0	0
-5	3	6	0	0	0	0	0	0
-5	3	7	0	0	0	0	0	0
-5	4	-7	0	-0	0	-0	0	-0
-5	4	-6	0	-0	0	-0	0	-0
-5	4	-5	0	-0	0	-0	0	-0
-5	4	-4	0	-0	0	-0	0	-0
-5	4	-3	0	-0	0	-0	0	-0
-5	4	-2	0	-0	0	-0	0	-0
-5	4	-1	0	-0	0	-0	0	-0
-5	4	0	0	0	0	0	0	0
-5	4	1	0	0	0	0	0	0
-5	4	2	0	0	0	0	0	0
-5	4	3	0	0	0	0	0	0
-5	4	4	0	0	0	0	0	0
-5	4	5	0	0	0	0	0	0
-5	4	6	0	0	0	0	0	0
-5	4	7	0	0	0	0	0	0
-5	5	-7	0	-0	0	-0	0	-0
-5	5	-6	0	-0	0	-0	0	-0
-5	5	-5	0	-0	0	-0	0	-0
-5	5	-4	0	-0	0	-0	0	-0
-5	5	-3	0	-0	0	-0	0	-0
-5	5	-2	0	-0	0	-0	0	-0
-5	5	-1	0	-0	0	-0	0	-0
-5	5	0	0	0	0	0	0	0
-5	5	1	0	0	0	0	0	0
-5	5	2	0	0	0	0	0	0
-5	5	3	0	0	0	0	0	0
-5	5	4	0	0	0	0	0	0
-5	5	5	0	0	0	0	0	0
-5	5	6	0	0	0	0	0	0
-5	5	7	0	0	0	0	0	0
-5	6	-7	0	-0	0	-0	0	-0
-5	6	-6	0	-0	0	-0	0	-0
-5	6	-5	0	-0	0	-0	0	-0
-5	6	-4	0	-0	0	-0	0	-0
-5	6	-3	0	-0	0	-0	0	-0
-5	6	-2	0	-0	0	-0	0	-0
-5	6	-1	0	-0	0	-0	0	-0
-5	6	0	0	0	0	0	0	0
-5	6	1	0	0	0	0	0	0
-5	6	2	0	0	0	0	0	0
-5	6	3	0	0	0	0	0	0
-5	6	4	0	0	0	0	0	0
-5	6	5	0	0	0	0	0	0
-5	6	6	0	0	0	0	0	0
-5	6	7	0	0	0	0	0	0
-5	7	-7	0	-0	0	-0	0	-0
-5	7	-6	0	-0	0	-0	0	-0
-5	7	-5	0	-0	0	-0	0	-0
-5	7	-4	0	-0	0	-0	0	-0
-5	7	-3	0	-0	0	-0	0	-0
-5	7	-2	0	-0	0	-0	0	-0
-5	7	-1	0	-0	0	-0	0	-0
-5	7	0	0	0	0	0	0	0
-5	7	1	0	0	0	0	0	0
-5	7	2	0	0	0	0	0	0
-5	7	3	0	0	0	0	0	0
-5	7	4	0	0	0	0	0	0
-5	7	5	0	0	0	0	0	0
-5	7	6	0	0	0	0	0	0
-5	7	7	0	0	0	0	0	0
-4	-7	-7	0	-0	0	-0	0	-0
-4	-7	-6	0	-0	0	-0	0	-0
-4	-7	-5	0	-0	0	-0	0	-0
-4	-7	-4	0	-0	0	-0	0	-0
-4	-7	-3	0	-0	0	-0	0	-0
-4	-7	-2	0	-0	0	-0	0	-0
-4	-7	-1	0	-0	0	-0	0	-0
-4	-7	0	0	-0	0	-0	0	-0
-4	-7	1	0	0	0	0	0	0
-4	-7	2	0	0	0	0	0	0
-4	-7	3	0	0	0	0	0	0
-4	-7	4	0	0	0	0	0	0
-4	-7	5	0	0	0	0	0	0
-4	-7	6	0	0	0	0	0	0
-4	-7	7	0	0	0	0	0	0
-4	-6	-7	0	-0	0	-0	0	-0
-4	-6	-6	0	-0	0	-0	0	-0
-4	-6	-5	0	-0	0	-0	0	-0
-4	-6	-4	0	-0	0	-0	0	-0
-4	-6	-3	0	-0	0	-0	0	-0
-4	-6	-2	0	-0	0	-0	0	-0
-4	-6	-1	0	-0	0	-0	0	-0
-4	-6	0	0	-0	0	-0	0	-0
-4	-6	1	0	0	0	0	0	0
-4	-6	2	0	0	0	0	0	0
-4	-6	3	0	0	0	0	0	0
-4	-6	4	0	0	0	0	0	0
-4	-6	5	0	0	0	0	0	0
-4	-6	6	0	0	0	0	0	0
-4	-6	7	0	0	0	0	0	0
-4	-5	-7	0	-0	0	-0	0	-0
-4	-5	-6	0	-0	0	-0	0	-0
-4	-5	-5	0	-0	0	-0	0	-0
-4	-5	-4	0	-0	0	-0	0	-0
-4	-5	-3	0	-0	0	-0	0	-0
-4	-5	-2	0	-0	0	-0	0	-0
-4	-5	-1	0	-0	0	-0	0	-0
-4	-5	0	0	-0	0	-0	0	-0
-4	-5	1	0	0	0	0	0	0
-4	-5	2	0	0	0	0	0	0
-4	-5	3	0	0	0	0	0	0
-4	-5	4	0	0	0	0	0	0
-4	-5	5	0	0	0	0	0	0
-4	-5	6	0	0	0	0	0	0
-4	-5	7	0	0	0	0	0	0
-4	-4	-7	0	-0	0	-0	0	-0
-4	-4	-6	0	-0	0	-0	0	-0
-4	-4	-5	0	-0	0	-0	0	-0
-4	-4	-4	0	-0	0	-0	0	-0
-4	-4	-3	0	-0	0	-0	0	-0
-4	-4	-2	0	-0	0	-0	0	-0
-4	-4	-1	0	-0	0	-0	0	-0
-4	-4	0	0	-0	0	-0	0	-0
-4	-4	1	0	0	0	0	0	0
-4	-4	2	0	0	0	0	0	0
-4	-4	3	0	0	0	0	0	0
-4	-4	4	0	0	0	0	0	0
-4	-4	5	0	0	0	0	0	0
-4	-4	6	0	0	0	0	0	0
-4	-4	7	0	0	0	0	0	0
-4	-3	-7	0	-0	0	-0	0	-0
-4	-3	-6	0	-0	0	-0	0	-0
-4	-3	-5	0	-0	0	-0	0	-0
-4	-3	-4	0	-0	0	-0	0	-0
-4	-3	-3	0	-0	0	-0	0	-0
-4	-3	-2	0	-0	0	-0	0	-0
-4	-3	-1	0	-0	0	-0	0	-0
-4	-3	0	0	-0	0	-0	0	-0
-4	-3	1	0	0	0	0	0	0
-4	-3	2	0	0	0	0	0	0
-4	-3	3	0	0	0	0	0	0
-4	-3	4	0	0	0	0	0	0
-4	-3	5	0	0	0	0	0	0
-4	-3	6	0	0	0	0	0	0
-4	-3	7	0	0	0	0	0	0
-4	-2	-7	0	-0	0	-0	0	-0
-4	-2	-6	0	-0	0	-0	0	-0
-4	-2	-5	0	-0	0	-0	0	-0
-4	-2	-4	0	-0	0	-0	0	-0
-4	-2	-3	0	-0	0	-0	0	-0
-4	-2	-2	0	-0	0	-0	0	-0
-4	-2	-1	0	-0	0	-0	0	-0
-4	-2	0	0	-0	0	-0	0	-0
-4	-2	1	0	0	0	0	0	0
-4	-2	2	0	0	0	0	0	0
-4	-2	3	0	0	0	0	0	0
-4	-2	4	0	0	0	0	0	0
-4	-2	5	0	0	0	0	0	0
-4	-2	6	0	0	0	0	0	0
-4	-2	7	0	0	0	0	0	0
-4	-1	-7	0	-0	0	-0	0	-0
-4	-1	-6	0	-0	0	-0	0	-0
-4	-1	-5	0	-0	0	-0	0	-0
-4	-1	-4	0	-0	0	-0	0	-0
-4	-1	-3	0	-0	0	-0	0	-0
-4	-1	-2	0	-0	0	-0	0	-0
-4	-1	-1	0	-0	0	-0	0	-0
-4	-1	0	0	-0	0	-0	0	-0
-4	-1	1	0	0	0	0	0	0
-4	-1	2	0	0	0	0	0	0
-4	-1	3	0	0	0	0	0	0
-4	-1	4	0	0	0	0	0	0
-4	-1	5	0	0	0	0	0	0
-4	-1	6	0	0	0	0	0	0
-4	-1	7	0	0	0	0	0	0
-4	0	-7	0	-0	0	-0	0	-0
-4	0	-6	0	-0	0	-0	0	-0
-4	0	-5	0	-0	0	-0	0	-0
-4	0	-4	0	-0	0	-0	0	-0
-4	0	-3	0	-0	0	-0	0	-0
-4	0	-2	0	-0	0	-0	0	-0
-4	0	-1	0	-0	0	-0	0	-0
-4	0	0	0	-0	0	-0	0	-0
-4	0	1	0	0	0	0	0	0
-4	0	2	0	0	0	0	0	0
-4	0	3	0	0	0	0	0	0
-4	0	4	0	0	0	0	0	0
-4	0	5	0	0	0	0	0	0
-4	0	6	0	0	0	0	0	0
-4	0	7	0	0	0	0	0	0
-4	1	-7	0	-0	0	-0	0	-0
-4	1	-6	0	-0	0	-0	0	-0
-4	1	-5	0	-0	0	-0	0	-0
-4	1	-4	0	-0	0	-0	0	-0
-4	1	-3	0	-0	0	-0	0	-0
-4	1	-2	0	-0	0	-0	0	-0
-4	1	-1	0	-0	0	-0	0	-0
-4	1	0	0	0	0	0	0	0
-4	1	1	0	0	0	0	0	0
-4	1	2	0	0	0	0	0	0
-4	1	3	0	0	0	0	0	0
-4	1	4	0	0	0	0	0	0
-4	1	5	0	0	0	0	0	0
-4	1	6	0	0	0	0	0	0
-4	1	7	0	0	0	0	0	0
-4	2	-7	0	-0	0	-0	0	-0
-4	2	-6	0	-0	0	-0	0	-0
-4	2	-5	0	-0	0	-0	0	-0
-4	2	-4	0	-0	0	-0	0	-0
-4	2	-3	0	-0	0	-0	0	-0
-4	2	-2	0	-0	0	-0	0	-0
-4	2	-1	0	-0	0	-0	0	-0
-4	2	0	0	0	0	0	0	0
-4	2	1	0	0	0	0	0	0
-4	2	2	0	0	0	0	0	0
-4	2	3	0	0	0	0	0	0
-4	2	4	0	0	0	0	0	0
-4	2	5	0	0	0	0	0	0
-4	2	6	0	0	0	0	0	0
-4	2	7	0	0	0	0	0	0
-4	3	-7	0	-0	0	-0	0	-0
-4	3	-6	0	-0	0	-0	0	-0
-4	3	-5	0	-0	0	-0	0	-0
-4	3	-4	0	-0	0	-0	0	-0
-4	3	-3	0	-0	0	-0	0	-0
-4	3	-2	0	-0	0	-0	0	-0
-4	3	-1	0	-0	0	-0	0	-0
-4	3	0	0	0	0	0	0	0
-4	3	1	0	0	0	0	0	0
-4	3	2	0	0	0	0	0	0
-4	3	3	0	0	0	0	0	0
-4	3	4	0	0	0	0	0	0
-4	3	5	0	0	0	0	0	0
-4	3	6	0	0	0	0	0	0
-4	3	7	0	0	0	0	0	0
-4	4	-7	0	-0	0	-0	0	-0
-4	4	-6	0	-0	0	-0	0	-0
-4	4	-5	0	-0	0	-0	0	-0
-4	4	-4	0	-0	0	-0	0	-0
-4	4	-3	0	-0	0	-0	0	-0
-4	4	-2	0	-0	0	-0	0	-0
-4	4	-1	0	-0	0	-0	0	-0
-4	4	0	0	0	0	0	0	0
-4	4	1	0	0	0	0	0	0
-4	4	2	0	0	0	0	0	0
-4	4	3	0	0	0	0	0	0
-4	4	4	0	0	0	0	0	0
-4	4	5	0	0	0	0	0	0
-4	4	6	0	0	0	0	0	0
-4	4	7	0	0	0	0	0	0
-4	5	-7	0	-0	0	-0	0	-0
-4	5	-6	0	-0	0	-0	0	-0
-4	5	-5	0	-0	0	-0	0	-0
-4	5	-4	0	-0	0	-0	0	-0
-4	5	-3	0	-0	0	-0	0	-0
-4	5	-2	0	-0	0	-0	0	-0
-4	5	-1	0	-0	0	-0	0	-0
-4	5	0	0	0	0	0	0	0
-4	5	1	0	0	0	0	0	0
-4	5	2	0	0	0	0	0	0
-4	5	3	0	0	0	0	0	0
-4	5	4	0	0	0	0	0	0
-4	5	5	0	0	0	0	0	0
-4	5	6	0	0	0	0	0	0
-4	5	7	0	0	0	0	0	0
-4	6	-7	0	-0	0	-0	0	-0
-4	6	-6	0	-0	0	-0	0	-0
-4	6	-5	0	-0	0	-0	0	-0
-4	6	-4	0	-0	0	-0	0	-0
-4	6	-3	0	-0	0	-0	0	-0
-4	6	-2	0	-0	0	-0	0	-0
-4	6	-1	0	-0	0	-0	0	-0
-4	6	0	0	0	0	0	0	0
-4	6	1	0	0	0	0	0	0
-4	6	2	0	0	0	0	0	0
-4	6	3	0	0	0	0	0	0
-4	6	4	0	0	0	0	0	0
-4	6	5	0	0	0	0	0	0
-4	6	6	0	0	0	0	0	0
-4	6	7	0	0	0	0	0	0
-4	7	-7	0	-0	0	-0	0	-0
-4	7	-6	0	-0	0	-0	0	-0
-4	7	-5	0	-0	0	-0	0	-0
-4	7	-4	0	-0	0	-0	0	-0
-4	7	-3	0	-0	0	-0	0	-0
-4	7	-2	0	-0	0	-0	0	-0
-4	7	-1	0	-0	0	-0	0	-0
-4	7	0	0	0	0	0	0	0
-4	7	1	0	0	0	0	0	0
-4	7	2	0	0	0	0	0	0
-4	7	3	0	0	0	0	0	0
-4	7	4	0	0	0	0	0	0
-4	7	5	0	0	0	0	0	0
-4	7	6	0	0	0	0	0	0
-4	7	7	0	0	0	0	0	0
-3	-7	-7	0	-0	0	-0	0	-0
-3	-7	-6	0	-0	0	-0	0	-0
-3	-7	-5	0	-0	0	-0	0	-0
-3	-7	-4	0	-0	0	-0	0	-0
-3	-7	-3	0	-0	0	-0	0	-0
-3	-7	-2	0	-0	0	-0	0	-0
-3	-7	-1	0	-0	0	-0	0	-0
-3	-7	0	0	-0	0	-0	0	-0
-3	-7	1	0	0	0	0	0	0
-3	-7	2	0	0	0	0	0	0
-3	-7	3	0	0	0	0	0	0
-3	-7	4	0	0	0	0	0	0
-3	-7	5	0	0	0	0	0	0
-3	-7	6	0	0	0	0	0	0
-3	-7	7	0	0	0	0	0	0
-3	-6	-7	0	-0	0	-0	0	-0
-3	-6	-6	0	-0	0	-0	0	-0
-3	-6	-5	0	-0	0	-0	0	-0
-3	-6	-4	0	-0	0	-0	0	-0
-3	-6	-3	0	-0	0	-0	0	-0
-3	-6	-2	0	-0	0	-0	0	-0
-3	-6	-1	0	-0	0	-0	0	-0
-3	-6	0	0	-0	0	-0	0	-0
-3	-6	1	0	0	0	0	0	0
-3	-6	2	0	0	0	0	0	0
-3	-6	3	0	0	0	0	0	0
-3	-6	4	0	0	0	0	0	0
-3	-6	5	0	0	0	0	0	0
-3	-6	6	0	0	0	0	0	0
-3	-6	7	0	0	0	0	0	0
-3	-5	-7	0	-0	0	-0	0	-0
-3	-5	-6	0	-0	0	-0	0	-0
-3	-5	-5	0	-0	0	-0	0	-0
-3	-5	-4	0	-0	0	-0	0	-0
-3	-5	-3	0	-0	0	-0	0	-0
-3	-5	-2	0	-0	0	-0	0	-0
-3	-5	-1	0	-0	0	-0	0	-0
-3	-5	0	0	-0	0	-0	0	-0
-3	-5	1	0	0	0	0	0	0
-3	-5	2	0	0	0	0	0	0
-3	-5	3	0	0	0	0	0	0
-3	-5	4	0	0	0	0	0	0
-3	-5	5	0	0	0	0	0	0
-3	-5	6	0	0	0	0	0	0
-3	-5	7	0	0	0	0	0	0
-3	-4	-7	0	-0	0	-0	0	-0
-3	-4	-6	0	-0	0	-0	0	-0
-3	-4	-5	0	-0	0	-0	0	-0
-3	-4	-4	0	-0	0	-0	0	-0
-3	-4	-3	0	-0	0	-0	0	-0
-3	-4	-2	0	-0	0	-0	0	-0
-3	-4	-1	0	-0	0	-0	0	-0
-3	-4	0	0	-0	0	-0	0	-0
-3	-4	1	0	0	0	0	0	0
-3	-4	2	0	0	0	0	0	0
-3	-4	3	0	0	0	0	0	0
-3	-4	4	0	0	0	0	0	0
-3	-4	5	0	0	0	0	0	0
-3	-4	6	0	0	0	0	0	0
-3	-4	7	0	0	0	0	0	0
-3	-3	-7	0	-0	0	-0	0	-0
-3	-3	-6	0	-0	0	-0	0	-0
-3	-3	-5	0	-0	0	-0	0	-0
-3	-3	-4	0	-0	0	-0	0	-0
-3	-3	-3	0	-0	0	-0	0	-0
-3	-3	-2	0	-0	0	-0	0	-0
-3	-3	-1	0	-0	0	-0	0	-0
-3	-3	0	0	-0	0	-0	0	-0
-3	-3	1	0	0	0	0	0	0
-3	-3	2	0	0	0	0	0	0
-3	-3	3	0	0	0	0	0	0
-3	-3	4	0	0	0	0	0	0
-3	-3	5	0	0	0	0	0	0
-3	-3	6	0	0	0	0	0	0
-3	-3	7	0	0	0	0	0	0
-3	-2	-7	0	-0	0	-0	0	-0
-3	-2	-6	0	-0	0	-0	0	-0
-3	-2	-5	0	-0	0	-0	0	-0
-3	-2	-4	0	-0	0	-0	0	-0
-3	-2	-3	0	-0	0	-0	0	-0
-3	-2	-2	0	-0	0	-0	0	-0
-3	-2	-1	0	-0	0	-0	0	-0
-3	-2	0	0	-0	0	-0	0	-0
-3	-2	1	0	0	0	0	0	0
-3	-2	2	0	0	0	0	0	0
-3	-2	3	0	0	0	0	0	0
-3	-2	4	0	0	0	0	0	0
-3	-2	5	0	0	0	0	0	0
-3	-2	6	0	0	0	0	0	0
-3	-2	7	0	0	0	0	0	0
-3	-1	-7	0	-0	0	-0	0	-0
-3	-1	-6	0	-0	0	-0	0	-0
-3	-1	-5	0	-0	0	-0	0	-0
-3	-1	-4	0	-0	0	-0	0	-0
-3	-1	-3	0	-0	0	-0	0	-0
-3	-1	-2	0	-0	0	-0	0	-0
-3	-1	-1	0	-0	0	-0	0	-0
-3	-1	0	0	-0	0	-0	0	-0
-3	-1	1	0	0	0	0	0	0
-3	-1	2	0	0	0	0	0	0
-3	-1	3	0	0	0	0	0	0
-3	-1	4	0	0	0	0	0	0
-3	-1	5	0	0	0	0	0	0
-3	-1	6	0	0	0	0	0	0
-3	-1	7	0	0	0	0	0	0
-3	0	-7	0	-0	0	-0	0	-0
-3	0	-6	0	-0	0	-0	0	-0
-3	0	-5	0	-0	0	-0	0	-0
-3	0	-4	0	-0	0	-0	0	-0
-3	0	-3	0	-0	0	-0	0	-0
-3	0	-2	0	-0	0	-0	0	-0
-3	0	-1	0	-0	0	-0	0	-0
-3	0	0	0	-0	0	-0	0	-0
-3	0	1	0	0	0	0	0	0
-3	0	2	0	0	0	0	0	0
-3	0	3	0	0	0	0	0	0
-3	0	4	0	0	0	0	0	0
-3	0	5	0	0	0	0	0	0
-3	0	6	0	0	0	0	0	0
-3	0	7	0	0	0	0	0	0
-3	1	-7	0	-0	0	-0	0	-0
-3	1	-6	0	-0	0	-0	0	-0
-3	1	-5	0	-0	0	-0	0	-0
-3	1	-4	0	-0	0	-0	0	-0
-3	1	-3	0	-0	0	-0	0	-0
-3	1	-2	0	-0	0	-0	0	-0
-3	1	-1	0	-0	0	-0	0	-0
-3	1	0	0	0	0	0	0	0
-3	1	1	0	0	0	0	0	0
-3	1	2	0	0	0	0	0	0
-3	1	3	0	0	0	0	0	0
-3	1	4	0	0	0	0	0	0
-3	1	5	0	0	0	0	0	0
-3	1	6	0	0	0	0	0	0
-3	1	7	0	0	0	0	0	0
-3	2	-7	0	-0	0	-0	0	-0
-3	2	-6	0	-0	0	-0	0	-0
-3	2	-5	0	-0	0	-0	0	-0
-3	2	-4	0	-0	0	-0	0	-0
-3	2	-3	0	-0	0	-0	0	-0
-3	2	-2	0	-0	0	-0	0	-0
-3	2	-1	0	-0	0	-0	0	-0
-3	2	0	0	0	0	0	0	0
-3	2	1	0	0	0	0	0	0
-3	2	2	0	0	0	0	0	0
-3	2	3	0	0	0	0	0	0
-3	2	4	0	0	0	0	0	0
-3	2	5	0	0	0	0	0	0
-3	2	6	0	0	0	0	0	0
-3	2	7	0	0	0	0	0	0
-3	3	-7	0	-0	0	-0	0	-0
-3	3	-6	0	-0	0	-0	0	-0
-3	3	-5	0	-0	0	-0	0	-0
-3	3	-4	0	-0	0	-0	0	-0
-3	3	-3	0	-0	0	-0	0	-0
-3	3	-2	0	-0	0	-0	0	-0
-3	3	-1	0	-0	0	-0	0	-0
-3	3	0	0	0	0	0	0	0
-3	3	1	0	0	0	0	0	0
-3	3	2	0	0	0	0	0	0
-3	3	3	0	0	0	0	0	0
-3	3	4	0	0	0	0	0	0
-3	3	5	0	0	0	0	0	0
-3	3	6	0	0	0	0	0	0
-3	3	7	0	0	0	0	0	0
-3	4	-7	0	-0	0	-0	0	-0
-3	4	-6	0	-0	0	-0	0	-0
-3	4	-5	0	-0	0	-0	0	-0
-3	4	-4	0	-0	0	-0	0	-0
-3	4	-3	0	-0	0	-0	0	-0
-3	4	-2	0	-0	0	-0	0	-0
-3	4	-1	0	-0	0	-0	0	-0
-3	4	0	0	0	0	0	0	0
-3	4	1	0	0	0	0	0	0
-3	4	2	0	0	0	0	0	0
-3	4	3	0	0	0	0	0	0
-3	4	4	0	0	0	0	0	0
-3	4	5	0	0	0	0	0	0
-3	4	6	0	0	0	0	0	0
-3	4	7	0	0	0	0	0	0
-3	5	-7	0	-0	0	-0	0	-0
-3	5	-6	0	-0	0	-0	0	-0
-3	5	-5	0	-0	0	-0	0	-0
-3	5	-4	0	-0	0	-0	0	-0
-3	5	-3	0	-0	0	-0	0	-0
-3	5	-2	0	-0	0	-0	0	-0
-3	5	-1	0	-0	0	-0	0	-0
-3	5	0	0	0	0	0	0	0
-3	5	1	0	0	0	0	0	0
-3	5	2	0	0	0	0	0	0
-3	5	3	0	0	0	0	0	0
-3	5	4	0	0	0	0	0	0
-3	5	5	0	0	0	0	0	0
-3	5	6	0	0	0	0	0	0
-3	5	7	0	0	0	0	0	0
-3	6	-7	0	-0	0	-0	0	-0
-3	6	-6	0	-0	0	-0	0	-0
-3	6	-5	0	-0	0	-0	0	-0
-3	6	-4	0	-0	0	-0	0	-0
-3	6	-3	0	-0	0	-0	0	-0
-3	6	-2	0	-0	0	-0	0	-0
-3	6	-1	0	-0	0	-0	0	-0
-3	6	0	0	0	0	0	0	0
-3	6	1	0	0	0	0	0	0
-3	6	2	0	0	0	0	0	0
-3	6	3	0	0	0	0	0	0
-3	6	4	0	0	0	0	0	0
-3	6	5	0	0	0	0	0	0
-3	6	6	0	0	0	0	0	0
-3	6	7	0	0	0	0	0	0
-3	7	-7	0	-0	0	-0	0	-0
-3	7	-6	0	-0	0	-0	0	-0
-3	7	-5	0	-0	0	-0	0	-0
-3	7	-4	0	-0	0	-0	0	-0
-3	7	-3	0	-0	0	-0	0	-0
-3	7	-2	0	-0	0	-0	0	-0
-3	7	-1	0	-0	0	-0	0	-0
-3	7	0	0	0	0	0	0	0
-3	7	1	0	0	0	0	0	0
-3	7	2	0	0	0	0	0	0
-3	7	3	0	0	0	0	0	0
-3	7	4	0	0	0	0	0	0
-3	7	5	0	0	0	0	0	0
-3	7	6	0	0	0	0	0	0
-3	7	7	0	0	0	0	0	0
-2	-7	-7	0	-0	0	-0	0	-0
-2	-7	-6	0	-0	0	-0	0	-0
-2	-7	-5	0	-0	0	-0	0	-0
-2	-7	-4	0	-0	0	-0	0	-0
-2	-7	-3	0	-0	0	-0	0	-0
-2	-7	-2	0	-0	0	-0	0	-0
-2	-7	-1	0	-0	0	-0	0	-0
-2	-7	0	0	-0	0	-0	0	-0
-2	-7	1	0	0	0	0	0	0
-2	-7	2	0	0	0	0	0	0
-2	-7	3	0	0	0	0	0	0
-2	-7	4	0	0	0	0	0	0
-2	-7	5	0	0	0	0	0	0
-2	-7	6	0	0	0	0	0	0
-2	-7	7	0	0	0	0	0	0
-2	-6	-7	0	-0	0	-0	0	-0
-2	-6	-6	0	-0	0	-0	0	-0
-2	-6	-5	0	-0	0	-0	0	-0
-2	-6	-4	0	-0	0	-0	0	-0
-2	-6	-3	0	-0	0	-0	0	-0
-2	-6	-2	0	-0	0	-0	0	-0
-2	-6	-1	0	-0	0	-0	0	-0
-2	-6	0	0	-0	0	-0	0	-0
-2	-6	1	0	0	0	0	0	0
-2	-6	2	0	0	0	0	0	0
-2	-6	3	0	0	0	0	0	0
-2	-6	4	0	0	0	0	0	0
-2	-6	5	0	0	0	0	0	0
-2	-6	6	0	0	0	0	0	0
-2	-6	7	0	0	0	0	0	0
-2	-5	-7	0	-0	0	-0	0	-0
-2	-5	-6	0	-0	0	-0	0	-0
-2	-5	-5	0	-0	0	-0	0	-0
-2	-5	-4	0	-0	0	-0	0	-0
-2	-5	-3	0	-0	0	-0	0	-0
-2	-5	-2	0	-0	0	-0	0	-0
-2	-5	-1	0	-0	0	-0	0	-0
-2	-5	0	0	-0	0	-0	0	-0
-2	-5	1	0	0	0	0	0	0
-2	-5	2	0	0	0	0	0	0
-2	-5	3	0	0	0	0	0	0
-2	-5	4	0	0	0	0	0	0
-2	-5	5	0	0	0	0	0	0
-2	-5	6	0	0	0	0	0	0
-2	-5	7	0	0	0	0	0	0
-2	-4	-7	0	-0	0	-0	0	-0
-2	-4	-6	0	-0	0	-0	0	-0
-2	-4	-5	0	-0	0	-0	0	-0
-2	-4	-4	0	-0	0	-0	0	-0
-2	-4	-3	0	-0	0	-0	0	-0
-2	-4	-2	0	-0	0	-0	0	-0
-2	-4	-1	0	-0	0	-0	0	-0
-2	-4	0	0	-0	0	-0	0	-0
-2	-4	1	0	0	0	0	0	0
-2	-4	2	0	0	0	0	0	0
-2	-4	3	0	0	0	0	0	0
-2	-4	4	0	0	0	0	0	0
-2	-4	5	0	0	0	0	0	0
-2	-4	6	0	0	0	0	0	0
-2	-4	7	0	0	0	0	0	0
-2	-3	-7	0	-0	0	-0	0	-0
-2	-3	-6	0	-0	0	-0	0	-0
-2	-3	-5	0	-0	0	-0	0	-0
-2	-3	-4	0	-0	0	-0	0	-0
-2	-3	-3	0	-0	0	-0	0	-0
-2	-3	-2	0	-0	0	-0	0	-0
-2	-3	-1	0	-0	0	-0	0	-0
-2	-3	0	0	-0	0	-0	0	-0
-2	-3	1	0	0	0	0	0	0
-2	-3	2	0	0	0	0	0	0
-2	-3	3	0	0	0	0	0	0
-2	-3	4	0	0	0	0	0	0
-2	-3	5	0	0	0	0	0	0
-2	-3	6	0	0	0	0	0	0
-2	-3	7	0	0	0	0	0	0
-2	-2	-7	0	-0	0	-0	0	-0
-2	-2	-6	0	-0	0	-0	0	-0
-2	-2	-5	0	-0	0	-0	0	-0
-2	-2	-4	0	-0	0	-0	0	-0
-2	-2	-3	0	-0	0	-0	0	-0
-2	-2	-2	0	-0	0	-0	0	-0
-2	-2	-1	0	-0	0	-0	0	-0
-2	-2	0	0	-0	0	-0	0	-0
-2	-2	1	0	0	0	0	0	0
-2	-2	2	0	0	0	0	0	0
-2	-2	3	0	0	0	0	0	0
-2	-2	4	0	0	0	0	0	0
-2	-2	5	0	0	0	0	0	0
-2	-2	6	0	0	0	0	0	0
-2	-2	7	0	0	0	0	0	0
-2	-1	-7	0	-0	0	-0	0	-0
-2	-1	-6	0	-0	0	-0	0	-0
-2	-1	-5	0	-0	0	-0	0	-0
-2	-1	-4	0	-0	0	-0	0	-0
-2	-1	-3	0	-0	0	-0	0	-0
-2	-1	-2	0	-0	0	-0	0	-0
-2	-1	-1	0	-0	0	-0	0	-0
-2	-1	0	0	-0	0	-0	0	-0
-2	-1	1	0	0	0	0	0	0
-2	-1	2	0	0	0	0	0	0
-2	-1	3	0	0	0	0	0	0
-2	-1	4	0	0	0	0	0	0
-2	-1	5	0	0	0	0	0	0
-2	-1	6	0	0	0	0	0	0
-2	-1	7	0	0	0	0	0	0
-2	0	-7	0	-0	0	-0	0	-0
-2	0	-6	0	-0	0	-0	0	-0
-2	0	-5	0	-0	0	-0	0	-0
-2	0	-4	0	-0	0	-0	0	-0
-2	0	-3	0	-0	0	-0	0	-0
-2	0	-2	0	-0	0	-0	0	-0
-2	0	-1	0	-0	0	-0	0	-0
-2	0	0	0	-0	0	-0	0	-0
-2	0	1	0	0	0	0	0	0
-2	0	2	0	0	0	0	0	0
-2	0	3	0	0	0	0	0	0
-2	0	4	0	0	0	0	0	0
-2	0	5	0	0	0	0	0	0
-2	0	6	0	0	0	0	0	0
-2	0	7	0	0	0	0	0	0
-2	1	-7	0	-0	0	-0	0	-0
-2	1	-6	0	-0	0	-0	0	-0
-2	1	-5	0	-0	0	-0	0	-0
-2	1	-4	0	-0	0	-0	0	-0
-2	1	-3	0	-0	0	-0	0	-0
-2	1	-2	0	-0	0	-0	0	-0
-2	1	-1	0	-0	0	-0	0	-0
-2	1	0	0	0	0	0	0	0
-2	1	1	0	0	0	0	0	0
-2	1	2	0	0	0	0	0	0
-2	1	3	0	0	0	0	0	0
-2	1	4	0	0	0	0	0	0
-2	1	5	0	0	0	0	0	0
-2	1	6	0	0	0	0	0	0
-2	1	7	0	0	0	0	0	0
-2	2	-7	0	-0	0	-0	0	-0
-2	2	-6	0	-0	0	-0	0	-0
-2	2	-5	0	-0	0	-0	0	-0
-2	2	-4	0	-0	0	-0	0	-0
-2	2	-3	0	-0	0	-0	0	-0
-2	2	-2	0	-0	0	-0	0	-0
-2	2	-1	0	-0	0	-0	0	-0
-2	2	0	0	0	0	0	0	0
-2	2	1	0	0	0	0	0	0
-2	2	2	0	0	0	0	0	0
-2	2	3	0	0	0	0	0	0
-2	2	4	0	0	0	0	0	0
-2	2	5	0	0	0	0	0	0
-2	2	6	0	0	0	0	0	0
-2	2	7	0	0	0	0	0	0
-2	3	-7	0	-0	0	-0	0	-0
-2	3	-6	0	-0	0	-0	0	-0
-2	3	-5	0	-0	0	-0	0	-0
-2	3	-4	0	-0	0	-0	0	-0
-2	3	-3	0	-0	0	-0	0	-0
-2	3	-2	0	-0	0	-0	0	-0
-2	3	-1	0	-0	0	-0	0	-0
-2	3	0	0	0	0	0	0	0
-2	3	1	0	0	0	0	0	0
-2	3	2	0	0	0	0	0	0
-2	3	3	0	0	0	0	0	0
-2	3	4	0	0	0	0	0	0
-2	3	5	0	0	0	0	0	0
-2	3	6	0	0	0	0	0	0
-2	3	7	0	0	0	0	0	0
-2	4	-7	0	-0	0	-0	0	-0
-2	4	-6	0	-0	0	-0	0	-0
-2	4	-5	0	-0	0	-0	0	-0
-2	4	-4	0	-0	0	-0	0	-0
-2	4	-3	0	-0	0	-0	0	-0
-2	4	-2	0	-0	0	-0	0	-0
-2	4	-1	0	-0	0	-0	0	-0
-2	4	0	0	0	0	0	0	0
-2	4	1	0	0	0	0	0	0
-2	4	2	0	0	0	0	0	0
-2	4	3	0	0	0	0	0	0
-2	4	4	0	0	0	0	0	0
-2	4	5	0	0	0	0	0	0
-2	4	6	0	0	0	0	0	0
-2	4	7	0	0	0	0	0	0
-2	5	-7	0	-0	0	-0	0	-0
-2	5	-6	0	-0	0	-0	0	-0
-2	5	-5	0	-0	0	-0	0	-0
-2	5	-4	0	-0	0	-0	0	-0
-2	5	-3	0	-0	0	-0	0	-0
-2	5	-2	0	-0	0	-0	0	-0
-2	5	-1	0	-0	0	-0	0	-0
-2	5	0	0	0	0	0	0	0
-2	5	1	0	0	0	0	0	0
-2	5	2	0	0	0	0	0	0
-2	5	3	0	0	0	0	0	0
-2	5	4	0	0	0	0	0	0
-2	5	5	0	0	0	0	0	0
-2	5	6	0	0	0	0	0	0
-2	5	7	0	0	0	0	0	0
-2	6	-7	0	-0	0	-0	0	-0
-2	6	-6	0	-0	0	-0	0	-0
-2	6	-5	0	-0	0	-0	0	-0
-2	6	-4	0	-0	0	-0	0	-0
-2	6	-3	0	-0	0	-0	0	-0
-2	6	-2	0	-0	0	-0	0	-0
-2	6	-1	0	-0	0	-0	0	-0
-2	6	0	0	0	0	0	0	0
-2	6	1	0	0	0	0	0	0
-2	6	2	0	0	0	0	0	0
-2	6	3	0	0	0	0	0	0
-2	6	4	0	0	0	0	0	0
-2	6	5	0	0	0	0	0	0
-2	6	6	0	0	0	0	0	0
-2	6	7	0	0	0	0	0	0
-2	7	-7	0	-0	0	-0	0	-0
-2	7	-6	0	-0	0	-0	0	-0
-2	7	-5	0	-0	0	-0	0	-0
-2	7	-4	0	-0	0	-0	0	-0
-2	7	-3	0	-0	0	-0	0	-0
-2	7	-2	0	-0	0	-0	0	-0
-2	7	-1	0	-0	0	-0	0	-0
-2	7	0	0	0	0	0	0	0
-2	7	1	0	0	0	0	0	0
-2	7	2	0	0	0	0	0	0
-2	7	3	0	0	0	0	0	0
-2	7	4	0	0	0	0	0	0
-2	7	5	0	0	0	0	0	0
-2	7	6	0	0	0	0	0	0
-2	7	7	0	0	0	0	0	0
-1	-7	-7	0	-0	0	-0	0	-0
-1	-7	-6	0	-0	0	-0	0	-0
-1	-7	-5	0	-0	0	-0	0	-0
-1	-7	-4	0	-0	0	-0	0	-0
-1	-7	-3	0	-0	0	-0	0	-0
-1	-7	-2	0	-0	0	-0	0	-0
-1	-7	-1	0	-0	0	-0	0	-0
-1	-7	0	0	-0	0	-0	0	-0
-1	-7	1	0	0	0	0	0	0
-1	-7	2	0	0	0	0	0	0
-1	-7	3	0	0	0	0	0	0
-1	-7	4	0	0	0	0	0	0
-1	-7	5	0	0	0	0	0	0
-1	-7	6	0	0	0	0	0	0
-1	-7	7	0	0	0	0	0	0
-1	-6	-7	0	-0	0	-0	0	-0
-1	-6	-6	0	-0	0	-0	0	-0
-1	-6	-5	0	-0	0	-0	0	-0
-1	-6	-4	0	-0	0	-0	0	-0
-1	-6	-3	0	-0	0	-0	0	-0
-1	-6	-2	0	-0	0	-0	0	-0
-1	-6	-1	0	-0	0	-0	0	-0
-1	-6	0	0	-0	0	-0	0	-0
-1	-6	1	0	0	0	0	0	0
-1	-6	2	0	0	0	0	0	0
-1	-6	3	0	0	0	0	0	0
-1	-6	4	0	0	0	0	0	0
-1	-6	5	0	0	0	0	0	0
-1	-6	6	0	0	0	0	0	0
-1	-6	7	0	0	0	0	0	0
-1	-5	-7	0	-0	0	-0	0	-0
-1	-5	-6	0	-0	0	-0	0	-0
-1	-5	-5	0	-0	0	-0	0	-0
-1	-5	-4	0	-0	0	-0	0	-0
-1	-5	-3	0	-0	0	-0	0	-0
-1	-5	-2	0	-0	0	-0	0	-0
-1	-5	-1	0	-0	0	-0	0	-0
-1	-5	0	0	-0	0	-0	0	-0
-1	-5	1	0	0	0	0	0	0
-1	-5	2	0	0	0	0	0	0
-1	-5	3	0	0	0	0	0	0
-1	-5	4	0	0	0	0	0	0
-1	-5	5	0	0	0	0	0	0
-1	-5	6	0	0	0	0	0	0
-1	-5	7	0	0	0	0	0	0
-1	-4	-7	0	-0	0	-0	0	-0
-1	-4	-6	0	-0	0	-0	0	-0
-1	-4	-5	0	-0	0	-0	0	-0
-1	-4	-4	0	-0	0	-0	0	-0
-1	-4	-3	0	-0	0	-0	0	-0
-1	-4	-2	0	-0	0	-0	0	-0
-1	-4	-1	0	-0	0	-0	0	-0
-1	-4	0	0	-0	0	-0	0	-0
-1	-4	1	0	0	0	0	0	0
-1	-4	2	0	0	0	0	0	0
-1	-4	3	0	0	0	0	0	0
-1	-4	4	0	0	0	0	0	0
-1	-4	5	0	0	0	0	0	0
-1	-4	6	0	0	0	0	0	0
-1	-4	7	0	0	0	0	0	0
-1	-3	-7	0	-0	0	-0	0	-0
-1	-3	-6	0	-0	0	-0	0	-0
-1	-3	-5	0	-0	0	-0	0	-0
-1	-3	-4	0	-0	0	-0	0	-0
-1	-3	-3	0	-0	0	-0	0	-0
-1	-3	-2	0	-0	0	-0	0	-0
-1	-3	-1	0	-0	0	-0	0	-0
-1	-3	0	0	-0	0	-0	0	-0
-1	-3	1	0	0	0	0	0	0
-1	-3	2	0	0	0	0	0	0
-1	-3	3	0	0	0	0	0	0
-1	-3	4	0	0	0	0	0	0
-1	-3	5	0	0	0	0	0	0
-1	-3	6	0	0	0	0	0	0
-1	-3	7	0	0	0	0	0	0
-1	-2	-7	0	-0	0	-0	0	-0
-1	-2	-6	0	-0	0	-0	0	-0
-1	-2	-5	0	-0	0	-0	0	-0
-1	-2	-4	0	-0	0	-0	0	-0
-1	-2	-3	0	-0	0	-0	0	-0
-1	-2	-2	0	-0	0	-0	0	-0
-1	-2	-1	0	-0	0	-0	0	-0
-1	-2	0	0	-0	0	-0	0	-0
-1	-2	1	0	0	0	0	0	0
-1	-2	2	0	0	0	0	0	0
-1	-2	3	0	0	0	0	0	0
-1	-2	4	0	0	0	0	0	0
-1	-2	5	0	0	0	0	0	0
-1	-2	6	0	0	0	0	0	0
-1	-2	7	0	0	0	0	0	0
-1	-1	-7	0	-0	0	-0	0	-0
-1	-1	-6	0	-0	0	-0	0	-0
-1	-1	-5	0	-0	0	-0	0	-0
-1	-1	-4	0	-0	0	-0	0	-0
-1	-1	-3	0	-0	0	-0	0	-0
-1	-1	-2	0	-0	0	-0	0	-0
-1	-1	-1	-4.5689398973867591951e-12	-3.2559876084324132287e-12	3.9182955698066365985e-11	-1.7258431355530918501e-11	-3.4614015800679608405e-11	2.0514418963963330922e-11
-1	-1	0	2.6842412102767842583e-12	1.1368476135353199167e-12	-2.6842412102767842583e-12	-1.1368476135353199167e-12	-9.9827725153177888572e-12	2.0322080980265429434e-12
-1	-1	1	3.4178972871546962765e-13	1.0719889328883858434e-12	-1.2050350847945938004e-11	3.3393257046111922489e-12	-1.1708561119230468326e-11	4.4113146374995782943e-12
-1	-1	2	0	0	0	0	0	0
-1	-1	3	0	0	0	0	0	0
-1	-1	4	0	0	0	0	0	0
-1	-1	5	0	0	0	0	0	0
-1	-1	6	0	0	0	0	0	0
-1	-1	7	0	0	0	0	0	0
-1	0	-7	0	-0	0	-0	0	-0
-1	0	-6	0	-0	0	-0	0	-0
-1	0	-5	0	-0	0	-0	0	-0
-1	0	-4	0	-0	0	-0	0	-0
-1	0	-3	0	-0	0	-0	0	-0
-1	0	-2	0	-0	0	-0	0	-0
-1	0	-1	2.406388349008586539e-12	-2.2220312073235920461e-12	4.6789017655317962681e-12	-1.4656099575778925327e-11	-2.406388349008586539e-12	2.2220312073235920461e-12
-1	0	0	0	-0	0.29212321664490009665	-0.28518536610177169788	-1.4809596322734163484e-10	-9.5433985241486856099e-11
-1	0	1	-3.7384958917758875514e-13	1.5643572429864751712e-12	-2.4048302839021061605e-12	-6.8557402772571700906e-12	-3.7384958917758875514e-13	1.5643572429864751712e-12
-1	0	2	0	0	0	0	0	0
-1	0	3	0	0	0	0	0	0
-1	0	4	0	0	0	0	0	0
-1	0	5	0	0	0	0	0	0
-1	0	6	0	0	0	0	0	0
-1	0	7	0	0	0	0	0	0
-1	1	-7	0	-0	0	-0	0	-0
-1	1	-6	0	-0	0	-0	0	-0
-1	1	-5	0	-0	0	-0	0	-0
-1	1	-4	0	-0	0	-0	0	-0
-1	1	-3	0	-0	0	-0	0	-0
-1	1	-2	0	-0	0	-0	0	-0
-1	1	-1	4.5051085714886889424e-12	-3.8550276627838782956e-12	5.0173162225390844775e-12	2.5460383539091030843e-11	5.1220765105039553514e-13	2.9315411201874910754e-11
-1	1	0	1.7264943792299579701e-11	-6.9165326875139628635e-12	1.7264943792299579701e-11	-6.9165326875139628635e-12	-1.5679877992667142506e-11	1.2483202481893194299e-12
-1	1	1	4.4813638749574656462e-12	-3.9767592507157740875e-11	7.4575557476322798625e-12	-6.3139986011708101344e-11	-2.9761918726748138124e-12	2.3372393504550357238e-11
-1	1	2	0	0	0	0	0	0
-1	1	3	0	0	0	0	0	0
-1	1	4	0	0	0	0	0	0
-1	1	5	0	0	0	0	0	0
-1	1	6	0	0	0	0	0	0
-1	1	7	0	0	0	0	0	0
-1	2	-7	0	-0	0	-0	0	-0
-1	2	-6	0	-0	0	-0	0	-0
-1	2	-5	0	-0	0	-0	0	-0
-1	2	-4	0	-0	0	-0	0	-0
-1	2	-3	0	-0	0	-0	0	-0
-1	2	-2	0	-0	0	-0	0	-0
-1	2	-1	0	-0	0	-0	0	-0
-1	2	0	0	0	0	0	0	0
-1	2	1	0	0	0	0	0	0
-1	2	2	0	0	0	0	0	0
-1	2	3	0	0	0	0	0	0
-1	2	4	0	0	0	0	0	0
-1	2	5	0	0	0	0	0	0
-1	2	6	0	0	0	0	0	0
-1	2	7	0	0	0	0	0	0
-1	3	-7	0	-0	0	-0	0	-0
-1	3	-6	0	-0	0	-0	0	-0
-1	3	-5	0	-0	0	-0	0	-0
-1	3	-4	0	-0	0	-0	0	-0
-1	3	-3	0	-0	0	-0	0	-0
-1	3	-2	0	-0	0	-0	0	-0
-1	3	-1	0	-0	0	-0	0	-0
-1	3	0	0	0	0	0	0	0
-1	3	1	0	0	0	0	0	0
-1	3	2	0	0	0	0	0	0
-1	3	3	0	0	0	0	0	0
-1	3	4	0	0	0	0	0	0
-1	3	5	0	0	0	0	0	0
-1	3	6	0	0	0	0	0	0
-1	3	7	0	0	0	0	0	0
-1	4	-7	0	-0	0	-0	0	-0
-1	4	-6	0	-0	0	-0	0	-0
-1	4	-5	0	-0	0	-0	0	-0
-1	4	-4	0	-0	0	-0	0	-0
-1	4	-3	0	-0	0	-0	0	-0
-1	4	-2	0	-0	0	-0	0	-0
-1	4	-1	0	-0	0	-0	0	-0
-1	4	0	0	0	0	0	0	0
-1	4	1	0	0	0	0	0	0
-1	4	2	0	0	0	0	0	0
-1	4	3	0	0	0	0	0	0
-1	4	4	0	0	0	0	0	0
-1	4	5	0	0	0	0	0	0
-1	4	6	0	0	0	0	0	0
-1	4	7	0	0	0	0	0	0
-1	5	-7	0	-0	0	-0	0	-0
-1	5	-6	0	-0	0	-0	0	-0
-1	5	-5	0	-0	0	-0	0	-0
-1	5	-4	0	-0	0	-0	0	-0
-1	5	-3	0	-0	0	-0	0	-0
-1	5	-2	0	-0	0	-0	0	-0
-1	5	-1	0	-0	0	-0	0	-0
-1	5	0	0	0	0	0	0	0
-1	5	1	0	0	0	0	0	0
-1	5	2	0	0	0	0	0	0
-1	5	3	0	0	0	0	0	0
-1	5	4	0	0	0	0	0	0
-1	5	5	0	0	0	0	0	0
-1	5	6	0	0	0	0	0	0
-1	5	7	0	0	0	0	0	0
-1	6	-7	0	-0	0	-0	0	-0
-1	6	-6	0	-0	0	-0	0	-0
-1	6	-5	0	-0	0	-0	0	-0
-1	6	-4	0	-0	0	-0	0	-0
-1	6	-3	0	-0	0	-0	0	-0
-1	6	-2	0	-0	0	-0	0	-0
-1	6	-1	0	-0	0	-0	0	-0
-1	6	0	0	0	0	0	0	0
-1	6	1	0	0	0	0	0	0
-1	6	2	0	0	0	0	0	0
-1	6	3	0	0	0	0	0	0
-1	6	4	0	0	0	0	0	0
-1	6	5	0	0	0	0	0	0
-1	6	6	0	0	0	0	0	0
-1	6	7	0	0	0	0	0	0
-1	7	-7	0	-0	0	-0	0	-0
-1	7	-6	0	-0	0	-0	0	-0
-1	7	-5	0	-0	0	-0	0	-0
-1	7	-4	0	-0	0	-0	0	-0
-1	7	-3	0	-0	0	-0	0	-0
-1	7	-2	0	-0	0	-0	0	-0
-1	7	-1	0	-0	0	-0	0	-0
-1	7	0	0	0	0	0	0	0
-1	7	1	0	0	0	0	0	0
-1	7	2	0	0	0	0	0	0
-1	7	3	0	0	0	0	0	0
-1	7	4	0	0	0	0	0	0
-1	7	5	0	0	0	0	0	0
-1	7	6	0	0	0	0	0	0
-1	7	7	0	0	0	0	0	0
0	-7	-7	0	-0	0	-0	0	-0
0	-7	-6	0	-0	0	-0	0	-0
0	-7	-5	0	-0	0	-0	0	-0
0	-7	-4	0	-0	0	-0	0	-0
0	-7	-3	0	-0	0	-0	0	-0
0	-7	-2	0	-0	0	-0	0	-0
0	-7	-1	0	-0	0	-0	0	-0
0	-7	0	0	-0	0	-0	0	-0
0	-7	1	0	0	0	0	0	0
0	-7	2	0	0	0	0	0	0
0	-7	3	0	0	0	0	0	0
0	-7	4	0	0	0	0	0	0
0	-7	5	0	0	0	0	0	0
0	-7	6	0	0	0	0	0	0
0	-7	7	0	0	0	0	0	0
0	-6	-7	0	-0	0	-0	0	-0
0	-6	-6	0	-0	0	-0	0	-0
0	-6	-5	0	-0	0	-0	0	-0
0	-6	-4	0	-0	0	-0	0	-0
0	-6	-3	0	-0	0	-0	0	-0
0	-6	-2	0	-0	0	-0	0	-0
0	-6	-1	0	-0	0	-0	0	-0
0	-6	0	0	-0	0	-0	0	-0
0	-6	1	0	0	0	0	0	0
0	-6	2	0	0	0	0	0	0
0	-6	3	0	0	0	0	0	0
0	-6	4	0	0	0	0	0	0
0	-6	5	0	0	0	0	0	0
0	-6	6	0	0	0	0	0	0
0	-6	7	0	0	0	0	0	0
0	-5	-7	0	-0	0	-0	0	-0
0	-5	-6	0	-0	0	-0	0	-0
0	-5	-5	0	-0	0	-0	0	-0
0	-5	-4	0	-0	0	-0	0	-0
0	-5	-3	0	-0	0	-0	0	-0
0	-5	-2	0	-0	0	-0	0	-0
0	-5	-1	0	-0	0	-0	0	-0
0	-5	0	0	-0	0	-0	0	-0
0	-5	1	0	0	0	0	0	0
0	-5	2	0	0	0	0	0	0
0	-5	3	0	0	0	0	0	0
0	-5	4	0	0	0	0	0	0
0	-5	5	0	0	0	0	0	0
0	-5	6	0	0	0	0	0	0
0	-5	7	0	0	0	0	0	0
0	-4	-7	0	-0	0	-0	0	-0
0	-4	-6	0	-0	0	-0	0	-0
0	-4	-5	0	-0	0	-0	0	-0
0	-4	-4	0	-0	0	-0	0	-0
0	-4	-3	0	-0	0	-0	0	-0
0	-4	-2	0	-0	0	-0	0	-0
0	-4	-1	0	-0	0	-0	0	-0
0	-4	0	0	-0	0	-0	0	-0
0	-4	1	0	0	0	0	0	0
0	-4	2	0	0	0	0	0	0
0	-4	3	0	0	0	0	0	0
0	-4	4	0	0	0	0	0	0
0	-4	5	0	0	0	0	0	0
0	-4	6	0	0	0	0	0	0
0	-4	7	0	0	0	0	0	0
0	-3	-7	0	-0	0	-0	0	-0
0	-3	-6	0	-0	0	-0	0	-0
0	-3	-5	0	-0	0	-0	0	-0
0	-3	-4	0	-0	0	-0	0	-0
0	-3	-3	0	-0	0	-0	0	-0
0	-3	-2	0	-0	0	-0	0	-0
0	-3	-1	0	-0	0	-0	0	-0
0	-3	0	0	-0	0	-0	0	-0
0	-3	1	0	0	0	0	0	0
0	-3	2	0	0	0	0	0	0
0	-3	3	0	0	0	0	0	0
0	-3	4	0	0	0	0	0	0
0	-3	5	0	0	0	0	0	0
0	-3	6	0	0	0	0	0	0
0	-3	7	0	0	0	0	0	0
0	-2	-7	0	-0	0	-0	0	-0
0	-2	-6	0	-0	0	-0	0	-0
0	-2	-5	0	-0	0	-0	0	-0
0	-2	-4	0	-0	0	-0	0	-0
0	-2	-3	0	-0	0	-0	0	-0
0	-2	-2	0	-0	0	-0	0	-0
0	-2	-1	0	-0	0	-0	0	-0
0	-2	0	0	-0	0	-0	0	-0
0	-2	1	0	0	0	0	0	0
0	-2	2	0	0	0	0	0	0
0	-2	3	0	0	0	0	0	0
0	-2	4	0	0	0	0	0	0
0	-2	5	0	0	0	0	0	0
0	-2	6	0	0	0	0	0	0
0	-2	7	0	0	0	0	0	0
0	-1	-7	0	-0	0	-0	0	-0
0	-1	-6	0	-0	0	-0	0	-0
0	-1	-5	0	-0	0	-0	0	-0
0	-1	-4	0	-0	0	-0	0	-0
0	-1	-3	0	-0	0	-0	0	-0
0	-1	-2	0	-0	0	-0	0	-0
0	-1	-1	2.7382234788636229181e-12	-3.3926595189271080631e-12	7.4385997691897921988e-12	7.7761442189344259711e-12	-7.4385997691897921988e-12	-7.7761442189344259711e-12
0	-1	0	-2.7796460780327433598e-10	8.8285278995542073109e-11	0	-0	0.1735538495101550116	0.36952094394207851691
0	-1	1	-3.066919893661367033e-12	-6.5057759333521248808e-12	1.4406236020824323951e-11	-4.6330976390522540665e-12	1.4406236020824323951e-11	-4.6330976390522540665e-12
0	-1	2	0	0	0	0	0	0
0	-1	3	0	0	0	0	0	0
0	-1	4	0	0	0	0	0	0
0	-1	5	0	0	0	0	0	0
0	-1	6	0	0	0	0	0	0
0	-1	7	0	0	0	0	0	0
0	0	-7	0	-0	0	-0	0	-0
0	0	-6	0	-0	0	-0	0	-0
0	0	-5	0	-0	0	-0	0	-0
0	0	-4	0	-0	0	-0	0	-0
0	0	-3	0	-0	0	-0	0	-0
0	0	-2	0	-0	0	-0	0	-0
0	0	-1	-0.36144890527277723224	-0.18979292780266576735	-2.7660159403262915633e-10	-7.9812111663522040451e-11	0	-0
0	0	1	-0.36144890527277723224	0.18979292780266576735	-2.7660159403262915633e-10	7.9812111663522040451e-11	0	0
0	0	2	0	0	0	0	0	0
0	0	3	0	0	0	0	0	0
0	0	4	0	0	0	0	0	0
0	0	5	0	0	0	0	0	0
0	0	6	0	0	0	0	0	0
0	0	7	0	0	0	0	0	0
0	1	-7	0	-0	0	-0	0	-0
0	1	-6	0	-0	0	-0	0	-0
0	1	-5	0	-0	0	-0	0	-0
0	1	-4	0	-0	0	-0	0	-0
0	1	-3	0	-0	0	-0	0	-0
0	1	-2	0	-0	0	-0	0	-0
0	1	-1	-3.066919893661367033e-12	6.5057759333521248808e-12	1.4406236020824323951e-11	4.6330976390522540665e-12	1.4406236020824323951e-11	4.6330976390522540665e-12
0	1	0	-2.7796460780327433598e-10	-8.8285278995542073109e-11	0	0	0.1735538495101550116	-0.36952094394207851691
0	1	1	2.7382234788636229181e-12	3.3926595189271080631e-12	7.4385997691897921988e-12	-7.7761442189344259711e-12	-7.4385997691897921988e-12	7.7761442189344259711e-12
0	1	2	0	0	0	0	0	0
0	1	3	0	0	0	0	0	0
0	1	4	0	0	0	0	0	0
0	1	5	0	0	0	0	0	0
0	1	6	0	0	0	0	0	0
0	1	7	0	0	0	0	0	0
0	2	-7	0	-0	0	-0	0	-0
0	2	-6	0	-0	0	-0	0	-0
0	2	-5	0	-0	0	-0	0	-0
0	2	-4	0	-0	0	-0	0	-0
0	2	-3	0	-0	0	-0	0	-0
0	2	-2	0	-0	0	-0	0	-0
0	2	-1	0	-0	0	-0	0	-0
0	2	0	0	0	0	0	0	0
0	2	1	0	0	0	0	0	0
0	2	2	0	0	0	0	0	0
0	2	3	0	0	0	0	0	0
0	2	4	0	0	0	0	0	0
0	2	5	0	0	0	0	0	0
0	2	6	0	0	0	0	0	0
0	2	7	0	0	0	0	0	0
0	3	-7	0	-0	0	-0	0	-0
0	3	-6	0	-0	0	-0	0	-0
0	3	-5	0	-0	0	-0	0	-0
0	3	-4	0	-0	0	-0	0	-0
0	3	-3	0	-0	0	-0	0	-0
0	3	-2	0	-0	0	-0	0	-0
0	3	-1	0	-0	0	-0	0	-0
0	3	0	0	0	0	0	0	0
0	3	1	0	0	0	0	0	0
0	3	2	0	0	0	0	0	0
0	3	3	0	0	0	0	0	0
0	3	4	0	0	0	0	0	0
0	3	5	0	0	0	0	0	0
0	3	6	0	0	0	0	0	0
0	3	7	0	0	0	0	0	0
0	4	-7	0	-0	0	-0	0	-0
0	4	-6	0	-0	0	-0	0	-0
0	4	-5	0	-0	0	-0	0	-0
0	4	-4	0	-0	0	-0	0	-0
0	4	-3	0	-0	0	-0	0	-0
0	4	-2	0	-0	0	-0	0	-0
0	4	-1	0	-0	0	-0	0	-0
0	4	0	0	0	0	0	0	0
0	4	1	0	0	0	0	0	0
0	4	2	0	0	0	0	0	0
0	4	3	0	0	0	0	0	0
0	4	4	0	0	0	0	0	0
0	4	5	0	0	0	0	0	0
0	4	6	0	0	0	0	0	0
0	4	7	0	0	0	0	0	0
0	5	-7	0	-0	0	-0	0	-0
0	5	-6	0	-0	0	-0	0	-0
0	5	-5	0	-0	0	-0	0	-0
0	5	-4	0	-0	0	-0	0	-0
0	5	-3	0	-0	0	-0	0	-0
0	5	-2	0	-0	0	-0	0	-0
0	5	-1	0	-0	0	-0	0	-0
0	5	0	0	0	0	0	0	0
0	5	1	0	0	0	0	0	0
0	5	2	0	0	0	0	0	0
0	5	3	0	0	0	0	0	0
0	5	4	0	0	0	0	0	0
0	5	5	0	0	0	0	0	0
0	5	6	0	0	0	0	0	0
0	5	7	0	0	0	0	0	0
0	6	-7	0	-0	0	-0	0	-0
0	6	-6	0	-0	0	-0	0	-0
0	6	-5	0	-0	0	-0	0	-0
0	6	-4	0	-0	0	-0	0	-0
0	6	-3	0	-0	0	-0	0	-0
0	6	-2	0	-0	0	-0	0	-0
0	6	-1	0	-0	0	-0	0	-0
0	6	0	0	0	0	0	0	0
0	6	1	0	0	0	0	0	0
0	6	2	0	0	0	0	0	0
0	6	3	0	0	0	0	0	0
0	6	4	0	0	0	0	0	0
0	6	5	0	0	0	0	0	0
0	6	6	0	0	0	0	0	0
0	6	7	0	0	0	0	0	0
0	7	-7	0	-0	0	-0	0	-0
0	7	-6	0	-0	0	-0	0	-0
0	7	-5	0	-0	0	-0	0	-0
0	7	-4	0	-0	0	-0	0	-0
0	7	-3	0	-0	0	-0	0	-0
0	7	-2	0	-0	0	-0	0	-0
0	7	-1	0	-0	0	-0	0	-0
0	7	0	0	0	0	0	0	0
0	7	1	0	0	0	0	0	0
0	7	2	0	0	0	0	0	0
0	7	3	0	0	0	0	0	0
0	7	4	0	0	0	0	0	0
0	7	5	0	0	0	0	0	0
0	7	6	0	0	0	0	0	0
0	7	7	0	0	0	0	0	0
1	-7	-7	0	-0	0	-0	0	-0
1	-7	-6	0	-0	0	-0	0	-0
1	-7	-5	0	-0	0	-0	0	-0
1	-7	-4	0	-0	0	-0	0	-0
1	-7	-3	0	-0	0	-0	0	-0
1	-7	-2	0	-0	0	-0	0	-0
1	-7	-1	0	-0	0	-0	0	-0
1	-7	0	0	-0	0	-0	0	-0
1	-7	1	0	0	0	0	0	0
1	-7	2	0	0	0	0	0	0
1	-7	3	0	0	0	0	0	0
1	-7	4	0	0	0	0	0	0
1	-7	5	0	0	0	0	0	0
1	-7	6	0	0	0	0	0	0
1	-7	7	0	0	0	0	0	0
1	-6	-7	0	-0	0	-0	0	-0
1	-6	-6	0	-0	0	-0	0	-0
1	-6	-5	0	-0	0	-0	0	-0
1	-6	-4	0	-0	0	-0	0	-0
1	-6	-3	0	-0	0	-0	0	-0
1	-6	-2	0	-0	0	-0	0	-0
1	-6	-1	0	-0	0	-0	0	-0
1	-6	0	0	-0	0	-0	0	-0
1	-6	1	0	0	0	0	0	0
1	-6	2	0	0	0	0	0	0
1	-6	3	0	0	0	0	0	0
1	-6	4	0	0	0	0	0	0
1	-6	5	0	0	0	0	0	0
1	-6	6	0	0	0	0	0	0
1	-6	7	0	0	0	0	0	0
1	-5	-7	0	-0	0	-0	0	-0
1	-5	-6	0	-0	0	-0	0	-0
1	-5	-5	0	-0	0	-0	0	-0
1	-5	-4	0	-0	0	-0	0	-0
1	-5	-3	0	-0	0	-0	0	-0
1	-5	-2	0	-0	0	-0	0	-0
1	-5	-1	0	-0	0	-0	0	-0
1	-5	0	0	-0	0	-0	0	-0
1	-5	1	0	0	0	0	0	0
1	-5	2	0	0	0	0	0	0
1	-5	3	0	0	0	0	0	0
1	-5	4	0	0	0	0	0	0
1	-5	5	0	0	0	0	0	0
1	-5	6	0	0	0	0	0	0
1	-5	7	0	0	0	0	0	0
1	-4	-7	0	-0	0	-0	0	-0
1	-4	-6	0	-0	0	-0	0	-0
1	-4	-5	0	-0	0	-0	0	-0
1	-4	-4	0	-0	0	-0	0	-0
1	-4	-3	0	-0	0	-0	0	-0
1	-4	-2	0	-0	0	-0	0	-0
1	-4	-1	0	-0	0	-0	0	-0
1	-4	0	0	-0	0	-0	0	-0
1	-4	1	0	0	0	0	0	0
1	-4	2	0	0	0	0	0	0
1	-4	3	0	0	0	0	0	0
1	-4	4	0	0	0	0	0	0
1	-4	5	0	0	0	0	0	0
1	-4	6	0	0	0	0	0	0
1	-4	7	0	0	0	0	0	0
1	-3	-7	0	-0	0	-0	0	-0
1	-3	-6	0	-0	0	-0	0	-0
1	-3	-5	0	-0	0	-0	0	-0
1	-3	-4	0	-0	0	-0	0	-0
1	-3	-3	0	-0	0	-0	0	-0
1	-3	-2	0	-0	0	-0	0	-0
1	-3	-1	0	-0	0	-0	0	-0
1	-3	0	0	-0	0	-0	0	-0
1	-3	1	0	0	0	0	0	0
1	-3	2	0	0	0	0	0	0
1	-3	3	0	0	0	0	0	0
1	-3	4	0	0	0	0	0	0
1	-3	5	0	0	0	0	0	0
1	-3	6	0	0	0	0	0	0
1	-3	7	0	0	0	0	0	0
1	-2	-7	0	-0	0	-0	0	-0
1	-2	-6	0	-0	0	-0	0	-0
1	-2	-5	0	-0	0	-0	0	-0
1	-2	-4	0	-0	0	-0	0	-0
1	-2	-3	0	-0	0	-0	0	-0
1	-2	-2	0	-0	0	-0	0	-0
1	-2	-1	0	-0	0	-0	0	-0
1	-2	0	0	-0	0	-0	0	-0
1	-2	1	0	0	0	0	0	0
1	-2	2	0	0	0	0	0	0
1	-2	3	0	0	0	0	0	0
1	-2	4	0	0	0	0	0	0
1	-2	5	0	0	0	0	0	0
1	-2	6	0	0	0	0	0	0
1	-2	7	0	0	0	0	0	0
1	-1	-7	0	-0	0	-0	0	-0
1	-1	-6	0	-0	0	-0	0	-0
1	-1	-5	0	-0	0	-0	0	-0
1	-1	-4	0	-0	0	-0	0	-0
1	-1	-3	0	-0	0	-0	0	-0
1	-1	-2	0	-0	0	-0	0	-0
1	-1	-1	4.4813638749574656462e-12	3.9767592507157740875e-11	7.4575557476322798625e-12	6.3139986011708101344e-11	-2.9761918726748138124e-12	-2.3372393504550357238e-11
1	-1	0	1.7264943792299579701e-11	6.9165326875139628635e-12	1.7264943792299579701e-11	6.9165326875139628635e-12	-1.5679877992667142506e-11	-1.2483202481893194299e-12
1	-1	1	4.5051085714886889424e-12	3.8550276627838782956e-12	5.0173162225390844775e-12	-2.5460383539091030843e-11	5.1220765105039553514e-13	-2.9315411201874910754e-11
1	-1	2	0	0	0	0	0	0
1	-1	3	0	0	0	0	0	0
1	-1	4	0	0	0	0	0	0
1	-1	5	0	0	0	0	0	0
1	-1	6	0	0	0	0	0	0
1	-1	7	0	0	0	0	0	0
1	0	-7	0	-0	0	-0	0	-0
1	0	-6	0	-0	0	-0	0	-0
1	0	-5	0	-0	0	-0	0	-0
1	0	-4	0	-0	0	-0	0	-0
1	0	-3	0	-0	0	-0	0	-0
1	0	-2	0	-0	0	-0	0	-0
1	0	-1	-3.7384958917758875514e-13	-1.5643572429864751712e-12	-2.4048302839021061605e-12	6.8557402772571700906e-12	-3.7384958917758875514e-13	-1.5643572429864751712e-12
1	0	0	0	0	0.29212321664490009665	0.28518536610177169788	-1.4809596322734163484e-10	9.5433985241486856099e-11
1	0	1	2.406388349008586539e-12	2.2220312073235920461e-12	4.6789017655317962681e-12	1.4656099575778925327e-11	-2.406388349008586539e-12	-2.2220312073235920461e-12
1	0	2	0	0	0	0	0	0
1	0	3	0	0	0	0	0	0
1	0	4	0	0	0	0	0	0
1	0	5	0	0	0	0	0	0
1	0	6	0	0	0	0	0	0
1	0	7	0	0	0	0	0	0
1	1	-7	0	-0	0	-0	0	-0
1	1	-6	0	-0	0	-0	0	-0
1	1	-5	0	-0	0	-0	0	-0
1	1	-4	0	-0	0	-0	0	-0
1	1	-3	0	-0	0	-0	0	-0
1	1	-2	0	-0	0	-0	0	-0
1	1	-1	3.4178972871546962765e-13	-1.0719889328883858434e-12	-1.2050350847945938004e-11	-3.3393257046111922489e-12	-1.1708561119230468326e-11	-4.4113146374995782943e-12
1	1	0	2.6842412102767842583e-12	-1.1368476135353199167e-12	-2.6842412102767842583e-12	1.1368476135353199167e-12	-9.9827725153177888572e-12	-2.0322080980265429434e-12
1	1	1	-4.5689398973867591951e-12	3.2559876084324132287e-12	3.9182955698066365985e-11	1.7258431355530918501e-11	-3.4614015800679608405e-11	-2.0514418963963330922e-11
1	1	2	0	0	0	0	0	0
1	1	3	0	0	0	0	0	0
1	1	4	0	0	0	0	0	0
1	1	5	0	0	0	0	0	0
1	1	6	0	0	0	0	0	0
1	1	7	0	0	0	0	0	0
1	2	-7	0	-0	0	-0	0	-0
1	2	-6	0	-0	0	-0	0	-0
1	2	-5	0	-0	0	-0	0	-0
1	2	-4	0	-0	0	-0	0	-0
1	2	-3	0	-0	0	-0	0	-0
1	2	-2	0	-0	0	-0	0	-0
1	2	-1	0	-0	0	-0	0	-0
1	2	0	0	0	0	0	0	0
1	2	1	0	0	0	0	0	0
1	2	2	0	0	0	0	0	0
1	2	3	0	0	0	0	0	0
1	2	4	0	0	0	0	0	0
1	2	5	0	0	0	0	0	0
1	2	6	0	0	0	0	0	0
1	2	7	0	0	0	0	0	0
1	3	-7	0	-0	0	-0	0	-0
1	3	-6	0	-0	0	-0	0	-0
1	3	-5	0	-0	0	-0	0	-0
1	3	-4	0	-0	0	-0	0	-0
1	3	-3	0	-0	0	-0	0	-0
1	3	-2	0	-0	0	-0	0	-0
1	3	-1	0	-0	0	-0	0	-0
1	3	0	0	0	0	0	0	0
1	3	1	0	0	0	0	0	0
1	3	2	0	0	0	0	0	0
1	3	3	0	0	0	0	0	0
1	3	4	0	0	0	0	0	0
1	3	5	0	0	0	0	0	0
1	3	6	0	0	0	0	0	0
1	3	7	0	0	0	0	0	0
1	4	-7	0	-0	0	-0	0	-0
1	4	-6	0	-0	0	-0	0	-0
1	4	-5	0	-0	0	-0	0	-0
1	4	-4	0	-0	0	-0	0	-0
1	4	-3	0	-0	0	-0	0	-0
1	4	-2	0	-0	0	-0	0	-0
1	4	-1	0	-0	0	-0	0	-0
1	4	0	0	0	0	0	0	0
1	4	1	0	0	0	0	0	0
1	4	2	0	0	0	0	0	0
1	4	3	0	0	0	0	0	0
1	4	4	0	0	0	0	0	0
1	4	5	0	0	0	0	0	0
1	4	6	0	0	0	0	0	0
1	4	7	0	0	0	0	0	0
1	5	-7	0	-0	0	-0	0	-0
1	5	-6	0	-0	0	-0	0	-0
1	5	-5	0	-0	0	-0	0	-0
1	5	-4	0	-0	0	-0	0	-0
1	5	-3	0	-0	0	-0	0	-0
1	5	-2	0	-0	0	-0	0	-0
1	5	-1	0	-0	0	-0	0	-0
1	5	0	0	0	0	0	0	0
1	5	1	0	0	0	0	0	0
1	5	2	0	0	0	0	0	0
1	5	3	0	0	0	0	0	0
1	5	4	0	0	0	0	0	0
1	5	5	0	0	0	0	0	0
1	5	6	0	0	0	0	0	0
1	5	7	0	0	0	0	0	0
1	6	-7	0	-0	0	-0	0	-0
1	6	-6	0	-0	0	-0	0	-0
1	6	-5	0	-0	0	-0	0	-0
1	6	-4	0	-0	0	-0	0	-0
1	6	-3	0	-0	0	-0	0	-0
1	6	-2	0	-0	0	-0	0	-0
1	6	-1	0	-0	0	-0	0	-0
1	6	0	0	0	0	0	0	0
1	6	1	0	0	0	0	0	0
1	6	2	0	0	0	0	0	0
1	6	3	0	0	0	0	0	0
1	6	4	0	0	0	0	0	0
1	6	5	0	0	0	0	0	0
1	6	6	0	0	0	0	0	0
1	6	7	0	0	0	0	0	0
1	7	-7	0	-0	0	-0	0	-0
1	7	-6	0	-0	0	-0	0	-0
1	7	-5	0	-0	0	-0	0	-0
1	7	-4	0	-0	0	-0	0	-0
1	7	-3	0	-0	0	-0	0	-0
1	7	-2	0	-0	0	-0	0	-0
1	7	-1	0	-0	0	-0	0	-0
1	7	0	0	0	0	0	0	0
1	7	1	0	0	0	0	0	0
1	7	2	0	0	0	0	0	0
1	7	3	0	0	0	0	0	0
1	7	4	0	0	0	0	0	0
1	7	5	0	0	0	0	0	0
1	7	6	0	0	0	0	0	0
1	7	7	0	0	0	0	0	0
2	-7	-7	0	-0	0	-0	0	-0
2	-7	-6	0	-0	0	-0	0	-0
2	-7	-5	0	-0	0	-0	0	-0
2	-7	-4	0	-0	0	-0	0	-0
2	-7	-3	0	-0	0	-0	0	-0
2	-7	-2	0	-0	0	-0	0	-0
2	-7	-1	0	-0	0	-0	0	-0
2	-7	0	0	-0	0	-0	0	-0
2	-7	1	0	0	0	0	0	0
2	-7	2	0	0	0	0	0	0
2	-7	3	0	0	0	0	0	0
2	-7	4	0	0	0	0	0	0
2	-7	5	0	0	0	0	0	0
2	-7	6	0	0	0	0	0	0
2	-7	7	0	0	0	0	0	0
2	-6	-7	0	-0	0	-0	0	-0
2	-6	-6	0	-0	0	-0	0	-0
2	-6	-5	0	-0	0	-0	0	-0
2	-6	-4	0	-0	0	-0	0	-0
2	-6	-3	0	-0	0	-0	0	-0
2	-6	-2	0	-0	0	-0	0	-0
2	-6	-1	0	-0	0	-0	0	-0
2	-6	0	0	-0	0	-0	0	-0
2	-6	1	0	0	0	0	0	0
2	-6	2	0	0	0	0	0	0
2	-6	3	0	0	0	0	0	0
2	-6	4	0	0	0	0	0	0
2	-6	5	0	0	0	0	0	0
2	-6	6	0	0	0	0	0	0
2	-6	7	0	0	0	0	0	0
2	-5	-7	0	-0	0	-0	0	-0
2	-5	-6	0	-0	0	-0	0	-0
2	-5	-5	0	-0	0	-0	0	-0
2	-5	-4	0	-0	0	-0	0	-0
2	-5	-3	0	-0	0	-0	0	-0
2	-5	-2	0	-0	0	-0	0	-0
2	-5	-1	0	-0	0	-0	0	-0
2	-5	0	0	-0	0	-0	0	-0
2	-5	1	0	0	0	0	0	0
2	-5	2	0	0	0	0	0	0
2	-5	3	0	0	0	0	0	0
2	-5	4	0	0	0	0	0	0
2	-5	5	0	0	0	0	0	0
2	-5	6	0	0	0	0	0	0
2	-5	7	0	0	0	0	0	0
2	-4	-7	0	-0	0	-0	0	-0
2	-4	-6	0	-0	0	-0	0	-0
2	-4	-5	0	-0	0	-0	0	-0
2	-4	-4	0	-0	0	-0	0	-0
2	-4	-3	0	-0	0	-0	0	-0
2	-4	-2	0	-0	0	-0	0	-0
2	-4	-1	0	-0	0	-0	0	-0
2	-4	0	0	-0	0	-0	0	-0
2	-4	1	0	0	0	0	0	0
2	-4	2	0	0	0	0	0	0
2	-4	3	0	0	0	0	0	0
2	-4	4	0	0	0	0	0	0
2	-4	5	0	0	0	0	0	0
2	-4	6	0	0	0	0	0	0
2	-4	7	0	0	0	0	0	0
2	-3	-7	0	-0	0	-0	0	-0
2	-3	-6	0	-0	0	-0	0	-0
2	-3	-5	0	-0	0	-0	0	-0
2	-3	-4	0	-0	0	-0	0	-0
2	-3	-3	0	-0	0	-0	0	-0
2	-3	-2	0	-0	0	-0	0	-0
2	-3	-1	0	-0	0	-0	0	-0
2	-3	0	0	-0	0	-0	0	-0
2	-3	1	0	0	0	0	0	0
2	-3	2	0	0	0	0	0	0
2	-3	3	0	0	0	0	0	0
2	-3	4	0	0	0	0	0	0
2	-3	5	0	0	0	0	0	0
2	-3	6	0	0	0	0	0	0
2	-3	7	0	0	0	0	0	0
2	-2	-7	0	-0	0	-0	0	-0
2	-2	-6	0	-0	0	-0	0	-0
2	-2	-5	0	-0	0	-0	0	-0
2	-2	-4	0	-0	0	-0	0	-0
2	-2	-3	0	-0	0	-0	0	-0
2	-2	-2	0	-0	0	-0	0	-0
2	-2	-1	0	-0	0	-0	0	-0
2	-2	0	0	-0	0	-0	0	-0
2	-2	1	0	0	0	0	0	0
2	-2	2	0	0	0	0	0	0
2	-2	3	0	0	0	0	0	0
2	-2	4	0	0	0	0	0	0
2	-2	5	0	0	0	0	0	0
2	-2	6	0	0	0	0	0	0
2	-2	7	0	0	0	0	0	0
2	-1	-7	0	-0	0	-0	0	-0
2	-1	-6	0	-0	0	-0	0	-0
2	-1	-5	0	-0	0	-0	0	-0
2	-1	-4	0	-0	0	-0	0	-0
2	-1	-3	0	-0	0	-0	0	-0
2	-1	-2	0	-0	0	-0	0	-0
2	-1	-1	0	-0	0	-0	0	-0
2	-1	0	0	-0	0	-0	0	-0
2	-1	1	0	0	0	0	0	0
2	-1	2	0	0	0	0	0	0
2	-1	3	0	0	0	0	0	0
2	-1	4	0	0	0	0	0	0
2	-1	5	0	0	0	0	0	0
2	-1	6	0	0	0	0	0	0
2	-1	7	0	0	0	0	0	0
2	0	-7	0	-0	0	-0	0	-0
2	0	-6	0	-0	0	-0	0	-0
2	0	-5	0	-0	0	-0	0	-0
2	0	-4	0	-0	0	-0	0	-0
2	0	-3	0	-0	0	-0	0	-0
2	0	-2	0	-0	0	-0	0	-0
2	0	-1	0	-0	0	-0	0	-0
2	0	0	0	0	0	0	0	0
2	0	1	0	0	0	0	0	0
2	0	2	0	0	0	0	0	0
2	0	3	0	0	0	0	0	0
2	0	4	0	0	0	0	0	0
2	0	5	0	0	0	0	0	0
2	0	6	0	0	0	0	0	0
2	0	7	0	0	0	0	0	0
2	1	-7	0	-0	0	-0	0	-0
2	1	-6	0	-0	0	-0	0	-0
2	1	-5	0	-0	0	-0	0	-0
2	1	-4	0	-0	0	-0	0	-0
2	1	-3	0	-0	0	-0	0	-0
2	1	-2	0	-0	0	-0	0	-0
2	1	-1	0	-0	0	-0	0	-0
2	1	0	0	0	0	0	0	0
2	1	1	0	0	0	0	0	0
2	1	2	0	0	0	0	0	0
2	1	3	0	0	0	0	0	0
2	1	4	0	0	0	0	0	0
2	1	5	0	0	0	0	0	0
2	1	6	0	0	0	0	0	0
2	1	7	0	0	0	0	0	0
2	2	-7	0	-0	0	-0	0	-0
2	2	-6	0	-0	0	-0	0	-0
2	2	-5	0	-0	0	-0	0	-0
2	2	-4	0	-0	0	-0	0	-0
2	2	-3	0	-0	0	-0	0	-0
2	2	-2	0	-0	0	-0	0	-0
2	2	-1	0	-0	0	-0	0	-0
2	2	0	0	0	0	0	0	0
2	2	1	0	0	0	0	0	0
2	2	2	0	0	0	0	0	0
2	2	3	0	0	0	0	0	0
2	2	4	0	0	0	0	0	0
2	2	5	0	0	0	0	0	0
2	2	6	0	0	0	0	0	0
2	2	7	0	0	0	0	0	0
2	3	-7	0	-0	0	-0	0	-0
2	3	-6	0	-0	0	-0	0	-0
2	3	-5	0	-0	0	-0	0	-0
2	3	-4	0	-0	0	-0	0	-0
2	3	-3	0	-0	0	-0	0	-0
2	3	-2	0	-0	0	-0	0	-0
2	3	-1	0	-0	0	-0	0	-0
2	3	0	0	0	0	0	0	0
2	3	1	0	0	0	0	0	0
2	3	2	0	0	0	0	0	0
2	3	3	0	0	0	0	0	0
2	3	4	0	0	0	0	0	0
2	3	5	0	0	0	0	0	0
2	3	6	0	0	0	0	0	0
2	3	7	0	0	0	0	0	0
2	4	-7	0	-0	0	-0	0	-0
2	4	-6	0	-0	0	-0	0	-0
2	4	-5	0	-0	0	-0	0	-0
2	4	-4	0	-0	0	-0	0	-0
2	4	-3	0	-0	0	-0	0	-0
2	4	-2	0	-0	0	-0	0	-0
2	4	-1	0	-0	0	-0	0	-0
2	4	0	0	0	0	0	0	0
2	4	1	0	0	0	0	0	0
2	4	2	0	0	0	0	0	0
2	4	3	0	0	0	0	0	0
2	4	4	0	0	0	0	0	0
2	4	5	0	0	0	0	0	0
2	4	6	0	0	0	0	0	0
2	4	7	0	0	0	0	0	0
2	5	-7	0	-0	0	-0	0	-0
2	5	-6	0	-0	0	-0	0	-0
2	5	-5	0	-0	0	-0	0	-0
2	5	-4	0	-0	0	-0	0	-0
2	5	-3	0	-0	0	-0	0	-0
2	5	-2	0	-0	0	-0	0	-0
2	5	-1	0	-0	0	-0	0	-0
2	5	0	0	0	0	0	0	0
2	5	1	0	0	0	0	0	0
2	5	2	0	0	0	0	0	0
2	5	3	0	0	0	0	0	0
2	5	4	0	0	0	0	0	0
2	5	5	0	0	0	0	0	0
2	5	6	0	0	0	0	0	0
2	5	7	0	0	0	0	0	0
2	6	-7	0	-0	0	-0	0	-0
2	6	-6	0	-0	0	-0	0	-0
2	6	-5	0	-0	0	-0	0	-0
2	6	-4	0	-0	0	-0	0	-0
2	6	-3	0	-0	0	-0	0	-0
2	6	-2	0	-0	0	-0	0	-0
2	6	-1	0	-0	0	-0	0	-0
2	6	0	0	0	0	0	0	0
2	6	1	0	0	0	0	0	0
2	6	2	0	0	0	0	0	0
2	6	3	0	0	0	0	0	0
2	6	4	0	0	0	0	0	0
2	6	5	0	0	0	0	0	0
2	6	6	0	0	0	0	0	0
2	6	7	0	0	0	0	0	0
2	7	-7	0	-0	0	-0	0	-0
2	7	-6	0	-0	0	-0	0	-0
2	7	-5	0	-0	0	-0	0	-0
2	7	-4	0	-0	0	-0	0	-0
2	7	-3	0	-0	0	-0	0	-0
2	7	-2	0	-0	0	-0	0	-0
2	7	-1	0	-0	0	-0	0	-0
2	7	0	0	0	0	0	0	0
2	7	1	0	0	0	0	0	0
2	7	2	0	0	0	0	0	0
2	7	3	0	0	0	0	0	0
2	7	4	0	0	0	0	0	0
2	7	5	0	0	0	0	0	0
2	7	6	0	0	0	0	0	0
2	7	7	0	0	0	0	0	0
3	-7	-7	0	-0	0	-0	0	-0
3	-7	-6	0	-0	0	-0	0	-0
3	-7	-5	0	-0	0	-0	0	-0
3	-7	-4	0	-0	0	-0	0	-0
3	-7	-3	0	-0	0	-0	0	-0
3	-7	-2	0	-0	0	-0	0	-0
3	-7	-1	0	-0	0	-0	0	-0
3	-7	0	0	-0	0	-0	0	-0
3	-7	1	0	0	0	0	0	0
3	-7	2	0	0	0	0	0	0
3	-7	3	0	0	0	0	0	0
3	-7	4	0	0	0	0	0	0
3	-7	5	0	0	0	0	0	0
3	-7	6	0	0	0	0	0	0
3	-7	7	0	0	0	0	0	0
3	-6	-7	0	-0	0	-0	0	-0
3	-6	-6	0	-0	0	-0	0	-0
3	-6	-5	0	-0	0	-0	0	-0
3	-6	-4	0	-0	0	-0	0	-0
3	-6	-3	0	-0	0	-0	0	-0
3	-6	-2	0	-0	0	-0	0	-0
3	-6	-1	0	-0	0	-0	0	-0
3	-6	0	0	-0	0	-0	0	-0
3	-6	1	0	0	0	0	0	0
3	-6	2	0	0	0	0	0	0
3	-6	3	0	0	0	0	0	0
3	-6	4	0	0	0	0	0	0
3	-6	5	0	0	0	0	0	0
3	-6	6	0	0	0	0	0	0
3	-6	7	0	0	0	0	0	0
3	-5	-7	0	-0	0	-0	0	-0
3	-5	-6	0	-0	0	-0	0	-0
3	-5	-5	0	-0	0	-0	0	-0
3	-5	-4	0	-0	0	-0	0	-0
3	-5	-3	0	-0	0	-0	0	-0
3	-5	-2	0	-0	0	-0	0	-0
3	-5	-1	0	-0	0	-0	0	-0
3	-5	0	0	-0	0	-0	0	-0
3	-5	1	0	0	0	0	0	0
3	-5	2	0	0	0	0	0	0
3	-5	3	0	0	0	0	0	0
3	-5	4	0	0	0	0	0	0
3	-5	5	0	0	0	0	0	0
3	-5	6	0	0	0	0	0	0
3	-5	7	0	0	0	0	0	0
3	-4	-7	0	-0	0	-0	0	-0
3	-4	-6	0	-0	0	-0	0	-0
3	-4	-5	0	-0	0	-0	0	-0
3	-4	-4	0	-0	0	-0	0	-0
3	-4	-3	0	-0	0	-0	0	-0
3	-4	-2	0	-0	0	-0	0	-0
3	-4	-1	0	-0	0	-0	0	-0
3	-4	0	0	-0	0	-0	0	-0
3	-4	1	0	0	0	0	0	0
3	-4	2	0	0	0	0	0	0
3	-4	3	0	0	0	0	0	0
3	-4	4	0	0	0	0	0	0
3	-4	5	0	0	0	0	0	0
3	-4	6	0	0	0	0	0	0
3	-4	7	0	0	0	0	0	0
3	-3	-7	0	-0	0	-0	0	-0
3	-3	-6	0	-0	0	-0	0	-0
3	-3	-5	0	-0	0	-0	0	-0
3	-3	-4	0	-0	0	-0	0	-0
3	-3	-3	0	-0	0	-0	0	-0
3	-3	-2	0	-0	0	-0	0	-0
3	-3	-1	0	-0	0	-0	0	-0
3	-3	0	0	-0	0	-0	0	-0
3	-3	1	0	0	0	0	0	0
3	-3	2	0	0	0	0	0	0
3	-3	3	0	0	0	0	0	0
3	-3	4	0	0	0	0	0	0
3	-3	5	0	0	0	0	0	0
3	-3	6	0	0	0	0	0	0
3	-3	7	0	0	0	0	0	0
3	-2	-7	0	-0	0	-0	0	-0
3	-2	-6	0	-0	0	-0	0	-0
3	-2	-5	0	-0	0	-0	0	-0
3	-2	-4	0	-0	0	-0	0	-0
3	-2	-3	0	-0	0	-0	0	-0
3	-2	-2	0	-0	0	-0	0	-0
3	-2	-1	0	-0	0	-0	0	-0
3	-2	0	0	-0	0	-0	0	-0
3	-2	1	0	0	0	0	0	0
3	-2	2	0	0	0	0	0	0
3	-2	3	0	0	0	0	0	0
3	-2	4	0	0	0	0	0	0
3	-2	5	0	0	0	0	0	0
3	-2	6	0	0	0	0	0	0
3	-2	7	0	0	0	0	0	0
3	-1	-7	0	-0	0	-0	0	-0
3	-1	-6	0	-0	0	-0	0	-0
3	-1	-5	0	-0	0	-0	0	-0
3	-1	-4	0	-0	0	-0	0	-0
3	-1	-3	0	-0	0	-0	0	-0
3	-1	-2	0	-0	0	-0	0	-0
3	-1	-1	0	-0	0	-0	0	-0
3	-1	0	0	-0	0	-0	0	-0
3	-1	1	0	0	0	0	0	0
3	-1	2	0	0	0	0	0	0
3	-1	3	0	0	0	0	0	0
3	-1	4	0	0	0	0	0	0
3	-1	5	0	0	0	0	0	0
3	-1	6	0	0	0	0	0	0
3	-1	7	0	0	0	0	0	0
3	0	-7	0	-0	0	-0	0	-0
3	0	-6	0	-0	0	-0	0	-0
3	0	-5	0	-0	0	-0	0	-0
3	0	-4	0	-0	0	-0	0	-0
3	0	-3	0	-0	0	-0	0	-0
3	0	-2	0	-0	0	-0	0	-0
3	0	-1	0	-0	0	-0	0	-0
3	0	0	0	0	0	0	0	0
3	0	1	0	0	0	0	0	0
3	0	2	0	0	0	0	0	0
3	0	3	0	0	0	0	0	0
3	0	4	0	0	0	0	0	0
3	0	5	0	0	0	0	0	0
3	0	6	0	0	0	0	0	0
3	0	7	0	0	0	0	0	0
3	1	-7	0	-0	0	-0	0	-0
3	1	-6	0	-0	0	-0	0	-0
3	1	-5	0	-0	0	-0	0	-0
3	1	-4	0	-0	0	-0	0	-0
3	1	-3	0	-0	0	-0	0	-0
3	1	-2	0	-0	0	-0	0	-0
3	1	-1	0	-0	0	-0	0	-0
3	1	0	0	0	0	0	0	0
3	1	1	0	0	0	0	0	0
3	1	2	0	0	0	0	0	0
3	1	3	0	0	0	0	0	0
3	1	4	0	0	0	0	0	0
3	1	5	0	0	0	0	0	0
3	1	6	0	0	0	0	0	0
3	1	7	0	0	0	0	0	0
3	2	-7	0	-0	0	-0	0	-0
3	2	-6	0	-0	0	-0	0	-0
3	2	-5	0	-0	0	-0	0	-0
3	2	-4	0	-0	0	-0	0	-0
3	2	-3	0	-0	0	-0	0	-0
3	2	-2	0	-0	0	-0	0	-0
3	2	-1	0	-0	0	-0	0	-0
3	2	0	0	0	0	0	0	0
3	2	1	0	0	0	0	0	0
3	2	2	0	0	0	0	0	0
3	2	3	0	0	0	0	0	0
3	2	4	0	0	0	0	0	0
3	2	5	0	0	0	0	0	0
3	2	6	0	0	0	0	0	0
3	2	7	0	0	0	0	0	0
3	3	-7	0	-0	0	-0	0	-0
3	3	-6	0	-0	0	-0	0	-0
3	3	-5	0	-0	0	-0	0	-0
3	3	-4	0	-0	0	-0	0	-0
3	3	-3	0	-0	0	-0	0	-0
3	3	-2	0	-0	0	-0	0	-0
3	3	-1	0	-0	0	-0	0	-0
3	3	0	0	0	0	0	0	0
3	3	1	0	0	0	0	0	0
3	3	2	0	0	0	0	0	0
3	3	3	0	0	0	0	0	0
3	3	4	0	0	0	0	0	0
3	3	5	0	0	0	0	0	0
3	3	6	0	0	0	0	0	0
3	3	7	0	0	0	0	0	0
3	4	-7	0	-0	0	-0	0	-0
3	4	-6	0	-0	0	-0	0	-0
3	4	-5	0	-0	0	-0	0	-0
3	4	-4	0	-0	0	-0	0	-0
3	4	-3	0	-0	0	-0	0	-0
3	4	-2	0	-0	0	-0	0	-0
3	4	-1	0	-0	0	-0	0	-0
3	4	0	0	0	0	0	0	0
3	4	1	0	0	0	0	0	0
3	4	2	0	0	0	0	0	0
3	4	3	0	0	0	0	0	0
3	4	4	0	0	0	0	0	0
3	4	5	0	0	0	0	0	0
3	4	6	0	0	0	0	0	0
3	4	7	0	0	0	0	0	0
3	5	-7	0	-0	0	-0	0	-0
3	5	-6	0	-0	0	-0	0	-0
3	5	-5	0	-0	0	-0	0	-0
3	5	-4	0	-0	0	-0	0	-0
3	5	-3	0	-0	0	-0	0	-0
3	5	-2	0	-0	0	-0	0	-0
3	5	-1	0	-0	0	-0	0	-0
3	5	0	0	0	0	0	0	0
3	5	1	0	0	0	0	0	0
3	5	2	0	0	0	0	0	0
3	5	3	0	0	0	0	0	0
3	5	4	0	0	0	0	0	0
3	5	5	0	0	0	0	0	0
3	5	6	0	0	0	0	0	0
3	5	7	0	0	0	0	0	0
3	6	-7	0	-0	0	-0	0	-0
3	6	-6	0	-0	0	-0	0	-0
3	6	-5	0	-0	0	-0	0	-0
3	6	-4	0	-0	0	-0	0	-0
3	6	-3	0	-0	0	-0	0	-0
3	6	-2	0	-0	0	-0	0	-0
3	6	-1	0	-0	0	-0	0	-0
3	6	0	0	0	0	0	0	0
3	6	1	0	0	0	0	0	0
3	6	2	0	0	0	0	0	0
3	6	3	0	0	0	0	0	0
3	6	4	0	0	0	0	0	0
3	6	5	0	0	0	0	0	0
3	6	6	0	0	0	0	0	0
3	6	7	0	0	0	0	0	0
3	7	-7	0	-0	0	-0	0	-0
3	7	-6	0	-0	0	-0	0	-0
3	7	-5	0	-0	0	-0	0	-0
3	7	-4	0	-0	0	-0	0	-0
3	7	-3	0	-0	0	-0	0	-0
3	7	-2	0	-0	0	-0	0	-0
3	7	-1	0	-0	0	-0	0	-0
3	7	0	0	0	0	0	0	0
3	7	1	0	0	0	0	0	0
3	7	2	0	0	0	0	0	0
3	7	3	0	0	0	0	0	0
3	7	4	0	0	0	0	0	0
3	7	5	0	0	0	0	0	0
3	7	6	0	0	0	0	0	0
3	7	7	0	0	0	0	0	0
4	-7	-7	0	-0	0	-0	0	-0
4	-7	-6	0	-0	0	-0	0	-0
4	-7	-5	0	-0	0	-0	0	-0
4	-7	-4	0	-0	0	-0	0	-0
4	-7	-3	0	-0	0	-0	0	-0
4	-7	-2	0	-0	0	-0	0	-0
4	-7	-1	0	-0	0	-0	0	-0
4	-7	0	0	-0	0	-0	0	-0
4	-7	1	0	0	0	0	0	0
4	-7	2	0	0	0	0	0	0
4	-7	3	0	0	0	0	0	0
4	-7	4	0	0	0	0	0	0
4	-7	5	0	0	0	0	0	0
4	-7	6	0	0	0	0	0	0
4	-7	7	0	0	0	0	0	0
4	-6	-7	0	-0	0	-0	0	-0
4	-6	-6	0	-0	0	-0	0	-0
4	-6	-5	0	-0	0	-0	0	-0
4	-6	-4	0	-0	0	-0	0	-0
4	-6	-3	0	-0	0	-0	0	-0
4	-6	-2	0	-0	0	-0	0	-0
4	-6	-1	0	-0	0	-0	0	-0
4	-6	0	0	-0	0	-0	0	-0
4	-6	1	0	0	0	0	0	0
4	-6	2	0	0	0	0	0	0
4	-6	3	0	0	0	0	0	0
4	-6	4	0	0	0	0	0	0
4	-6	5	0	0	0	0	0	0
4	-6	6	0	0	0	0	0	0
4	-6	7	0	0	0	0	0	0
4	-5	-7	0	-0	0	-0	0	-0
4	-5	-6	0	-0	0	-0	0	-0
4	-5	-5	0	-0	0	-0	0	-0
4	-5	-4	0	-0	0	-0	0	-0
4	-5	-3	0	-0	0	-0	0	-0
4	-5	-2	0	-0	0	-0	0	-0
4	-5	-1	0	-0	0	-0	0	-0
4	-5	0	0	-0	0	-0	0	-0
4	-5	1	0	0	0	0	0	0
4	-5	2	0	0	0	0	0	0
4	-5	3	0	0	0	0	0	0
4	-5	4	0	0	0	0	0	0
4	-5	5	0	0	0	0	0	0
4	-5	6	0	0	0	0	0	0
4	-5	7	0	0	0	0	0	0
4	-4	-7	0	-0	0	-0	0	-0
4	-4	-6	0	-0	0	-0	0	-0
4	-4	-5	0	-0	0	-0	0	-0
4	-4	-4	0	-0	0	-0	0	-0
4	-4	-3	0	-0	0	-0	0	-0
4	-4	-2	0	-0	0	-0	0	-0
4	-4	-1	0	-0	0	-0	0	-0
4	-4	0	0	-0	0	-0	0	-0
4	-4	1	0	0	0	0	0	0
4	-4	2	0	0	0	0	0	0
4	-4	3	0	0	0	0	0	0
4	-4	4	0	0	0	0	0	0
4	-4	5	0	0	0	0	0	0
4	-4	6	0	0	0	0	0	0
4	-4	7	0	0	0	0	0	0
4	-3	-7	0	-0	0	-0	0	-0
4	-3	-6	0	-0	0	-0	0	-0
4	-3	-5	0	-0	0	-0	0	-0
4	-3	-4	0	-0	0	-0	0	-0
4	-3	-3	0	-0	0	-0	0	-0
4	-3	-2	0	-0	0	-0	0	-0
4	-3	-1	0	-0	0	-0	0	-0
4	-3	0	0	-0	0	-0	0	-0
4	-3	1	0	0	0	0	0	0
4	-3	2	0	0	0	0	0	0
4	-3	3	0	0	0	0	0	0
4	-3	4	0	0	0	0	0	0
4	-3	5	0	0	0	0	0	0
4	-3	6	0	0	0	0	0	0
4	-3	7	0	0	0	0	0	0
4	-2	-7	0	-0	0	-0	0	-0
4	-2	-6	0	-0	0	-0	0	-0
4	-2	-5	0	-0	0	-0	0	-0
4	-2	-4	0	-0	0	-0	0	-0
4	-2	-3	0	-0	0	-0	0	-0
4	-2	-2	0	-0	0	-0	0	-0
4	-2	-1	0	-0	0	-0	0	-0
4	-2	0	0	-0	0	-0	0	-0
4	-2	1	0	0	0	0	0	0
4	-2	2	0	0	0	0	0	0
4	-2	3	0	0	0	0	0	0
4	-2	4	0	0	0	0	0	0
4	-2	5	0	0	0	0	0	0
4	-2	6	0	0	0	0	0	0
4	-2	7	0	0	0	0	0	0
4	-1	-7	0	-0	0	-0	0	-0
4	-1	-6	0	-0	0	-0	0	-0
4	-1	-5	0	-0	0	-0	0	-0
4	-1	-4	0	-0	0	-0	0	-0
4	-1	-3	0	-0	0	-0	0	-0
4	-1	-2	0	-0	0	-0	0	-0
4	-1	-1	0	-0	0	-0	0	-0
4	-1	0	0	-0	0	-0	0	-0
4	-1	1	0	0	0	0	0	0
4	-1	2	0	0	0	0	0	0
4	-1	3	0	0	0	0	0	0
4	-1	4	0	0	0	0	0	0
4	-1	5	0	0	0	0	0	0
4	-1	6	0	0	0	0	0	0
4	-1	7	0	0	0	0	0	0
4	0	-7	0	-0	0	-0	0	-0
4	0	-6	0	-0	0	-0	0	-0
4	0	-5	0	-0	0	-0	0	-0
4	0	-4	0	-0	0	-0	0	-0
4	0	-3	0	-0	0	-0	0	-0
4	0	-2	0	-0	0	-0	0	-0
4	0	-1	0	-0	0	-0	0	-0
4	0	0	0	0	0	0	0	0
4	0	1	0	0	0	0	0	0
4	0	2	0	0	0	0	0	0
4	0	3	0	0	0	0	0	0
4	0	4	0	0	0	0	0	0
4	0	5	0	0	0	0	0	0
4	0	6	0	0	0	0	0	0
4	0	7	0	0	0	0	0	0
4	1	-7	0	-0	0	-0	0	-0
4	1	-6	0	-0	0	-0	0	-0
4	1	-5	0	-0	0	-0	0	-0
4	1	-4	0	-0	0	-0	0	-0
4	1	-3	0	-0	0	-0	0	-0
4	1	-2	0	-0	0	-0	0	-0
4	1	-1	0	-0	0	-0	0	-0
4	1	0	0	0	0	0	0	0
4	1	1	0	0	0	0	0	0
4	1	2	0	0	0	0	0	0
4	1	3	0	0	0	0	0	0
4	1	4	0	0	0	0	0	0
4	1	5	0	0	0	0	0	0
4	1	6	0	0	0	0	0	0
4	1	7	0	0	0	0	0	0
4	2	-7	0	-0	0	-0	0	-0
4	2	-6	0	-0	0	-0	0	-0
4	2	-5	0	-0	0	-0	0	-0
4	2	-4	0	-0	0	-0	0	-0
4	2	-3	0	-0	0	-0	0	-0
4	2	-2	0	-0	0	-0	0	-0
4	2	-1	0	-0	0	-0	0	-0
4	2	0	0	0	0	0	0	0
4	2	1	0	0	0	0	0	0
4	2	2	0	0	0	0	0	0
4	2	3	0	0	0	0	0	0
4	2	4	0	0	0	0	0	0
4	2	5	0	0	0	0	0	0
4	2	6	0	0	0	0	0	0
4	2	7	0	0	0	0	0	0
4	3	-7	0	-0	0	-0	0	-0
4	3	-6	0	-0	0	-0	0	-0
4	3	-5	0	-0	0	-0	0	-0
4	3	-4	0	-0	0	-0	0	-0
4	3	-3	0	-0	0	-0	0	-0
4	3	-2	0	-0	0	-0	0	-0
4	3	-1	0	-0	0	-0	0	-0
4	3	0	0	0	0	0	0	0
4	3	1	0	0	0	0	0	0
4	3	2	0	0	0	0	0	0
4	3	3	0	0	0	0	0	0
4	3	4	0	0	0	0	0	0
4	3	5	0	0	0	0	0	0
4	3	6	0	0	0	0	0	0
4	3	7	0	0	0	0	0	0
4	4	-7	0	-0	0	-0	0	-0
4	4	-6	0	-0	0	-0	0	-0
4	4	-5	0	-0	0	-0	0	-0
4	4	-4	0	-0	0	-0	0	-0
4	4	-3	0	-0	0	-0	0	-0
4	4	-2	0	-0	0	-0	0	-0
4	4	-1	0	-0	0	-0	0	-0
4	4	0	0	0	0	0	0	0
4	4	1	0	0	0	0	0	0
4	4	2	0	0	0	0	0	0
4	4	3	0	0	0	0	0	0
4	4	4	0	0	0	0	0	0
4	4	5	0	0	0	0	0	0
4	4	6	0	0	0	0	0	0
4	4	7	0	0	0	0	0	0
4	5	-7	0	-0	0	-0	0	-0
4	5	-6	0	-0	0	-0	0	-0
4	5	-5	0	-0	0	-0	0	-0
4	5	-4	0	-0	0	-0	0	-0
4	5	-3	0	-0	0	-0	0	-0
4	5	-2	0	-0	0	-0	0	-0
4	5	-1	0	-0	0	-0	0	-0
4	5	0	0	0	0	0	0	0
4	5	1	0	0	0	0	0	0
4	5	2	0	0	0	0	0	0
4	5	3	0	0	0	0	0	0
4	5	4	0	0	0	0	0	0
4	5	5	0	0	0	0	0	0
4	5	6	0	0	0	0	0	0
4	5	7	0	0	0	0	0	0
4	6	-7	0	-0	0	-0	0	-0
4	6	-6	0	-0	0	-0	0	-0
4	6	-5	0	-0	0	-0	0	-0
4	6	-4	0	-0	0	-0	0	-0
4	6	-3	0	-0	0	-0	0	-0
4	6	-2	0	-0	0	-0	0	-0
4	6	-1	0	-0	0	-0	0	-0
4	6	0	0	0	0	0	0	0
4	6	1	0	0	0	0	0	0
4	6	2	0	0	0	0	0	0
4	6	3	0	0	0	0	0	0
4	6	4	0	0	0	0	0	0
4	6	5	0	0	0	0	0	0
4	6	6	0	0	0	0	0	0
4	6	7	0	0	0	0	0	0
4	7	-7	0	-0	0	-0	0	-0
4	7	-6	0	-0	0	-0	0	-0
4	7	-5	0	-0	0	-0	0	-0
4	7	-4	0	-0	0	-0	0	-0
4	7	-3	0	-0	0	-0	0	-0
4	7	-2	0	-0	0	-0	0	-0
4	7	-1	0	-0	0	-0	0	-0
4	7	0	0	0	0	0	0	0
4	7	1	0	0	0	0	0	0
4	7	2	0	0	0	0	0	0
4	7	3	0	0	0	0	0	0
4	7	4	0	0	0	0	0	0
4	7	5	0	0	0	0	0	0
4	7	6	0	0	0	0	0	0
4	7	7	0	0	0	0	0	0
5	-7	-7	0	-0	0	-0	0	-0
5	-7	-6	0	-0	0	-0	0	-0
5	-7	-5	0	-0	0	-0	0	-0
5	-7	-4	0	-0	0	-0	0	-0
5	-7	-3	0	-0	0	-0	0	-0
5	-7	-2	0	-0	0	-0	0	-0
5	-7	-1	0	-0	0	-0	0	-0
5	-7	0	0	-0	0	-0	0	-0
5	-7	1	0	0	0	0	0	0
5	-7	2	0	0	0	0	0	0
5	-7	3	0	0	0	0	0	0
5	-7	4	0	0	0	0	0	0
5	-7	5	0	0	0	0	0	0
5	-7	6	0	0	0	0	0	0
5	-7	7	0	0	0	0	0	0
5	-6	-7	0	-0	0	-0	0	-0
5	-6	-6	0	-0	0	-0	0	-0
5	-6	-5	0	-0	0	-0	0	-0
5	-6	-4	0	-0	0	-0	0	-0
5	-6	-3	0	-0	0	-0	0	-0
5	-6	-2	0	-0	0	-0	0	-0
5	-6	-1	0	-0	0	-0	0	-0
5	-6	0	0	-0	0	-0	0	-0
5	-6	1	0	0	0	0	0	0
5	-6	2	0	0	0	0	0	0
5	-6	3	0	0	0	0	0	0
5	-6	4	0	0	0	0	0	0
5	-6	5	0	0	0	0	0	0
5	-6	6	0	0	0	0	0	0
5	-6	7	0	0	0	0	0	0
5	-5	-7	0	-0	0	-0	0	-0
5	-5	-6	0	-0	0	-0	0	-0
5	-5	-5	0	-0	0	-0	0	-0
5	-5	-4	0	-0	0	-0	0	-0
5	-5	-3	0	-0	0	-0	0	-0
5	-5	-2	0	-0	0	-0	0	-0
5	-5	-1	0	-0	0	-0	0	-0
5	-5	0	0	-0	0	-0	0	-0
5	-5	1	0	0	0	0	0	0
5	-5	2	0	0	0	0	0	0
5	-5	3	0	0	0	0	0	0
5	-5	4	0	0	0	0	0	0
5	-5	5	0	0	0	0	0	0
5	-5	6	0	0	0	0	0	0
5	-5	7	0	0	0	0	0	0
5	-4	-7	0	-0	0	-0	0	-0
5	-4	-6	0	-0	0	-0	0	-0
5	-4	-5	0	-0	0	-0	0	-0
5	-4	-4	0	-0	0	-0	0	-0
5	-4	-3	0	-0	0	-0	0	-0
5	-4	-2	0	-0	0	-0	0	-0
5	-4	-1	0	-0	0	-0	0	-0
5	-4	0	0	-0	0	-0	0	-0
5	-4	1	0	0	0	0	0	0
5	-4	2	0	0	0	0	0	0
5	-4	3	0	0	0	0	0	0
5	-4	4	0	0	0	0	0	0
5	-4	5	0	0	0	0	0	0
5	-4	6	0	0	0	0	0	0
5	-4	7	0	0	0	0	0	0
5	-3	-7	0	-0	0	-0	0	-0
5	-3	-6	0	-0	0	-0	0	-0
5	-3	-5	0	-0	0	-0	0	-0
5	-3	-4	0	-0	0	-0	0	-0
5	-3	-3	0	-0	0	-0	0	-0
5	-3	-2	0	-0	0	-0	0	-0
5	-3	-1	0	-0	0	-0	0	-0
5	-3	0	0	-0	0	-0	0	-0
5	-3	1	0	0	0	0	0	0
5	-3	2	0	0	0	0	0	0
5	-3	3	0	0	0	0	0	0
5	-3	4	0	0	0	0	0	0
5	-3	5	0	0	0	0	0	0
5	-3	6	0	0	0	0	0	0
5	-3	7	0	0	0	0	0	0
5	-2	-7	0	-0	0	-0	0	-0
5	-2	-6	0	-0	0	-0	0	-0
5	-2	-5	0	-0	0	-0	0	-0
5	-2	-4	0	-0	0	-0	0	-0
5	-2	-3	0	-0	0	-0	0	-0
5	-2	-2	0	-0	0	-0	0	-0
5	-2	-1	0	-0	0	-0	0	-0
5	-2	0	0	-0	0	-0	0	-0
5	-2	1	0	0	0	0	0	0
5	-2	2	0	0	0	0	0	0
5	-2	3	0	0	0	0	0	0
5	-2	4	0	0	0	0	0	0
5	-2	5	0	0	0	0	0	0
5	-2	6	0	0	0	0	0	0
5	-2	7	0	0	0	0	0	0
5	-1	-7	0	-0	0	-0	0	-0
5	-1	-6	0	-0	0	-0	0	-0
5	-1	-5	0	-0	0	-0	0	-0
5	-1	-4	0	-0	0	-0	0	-0
5	-1	-3	0	-0	0	-0	0	-0
5	-1	-2	0	-0	0	-0	0	-0
5	-1	-1	0	-0	0	-0	0	-0
5	-1	0	0	-0	0	-0	0	-0
5	-1	1	0	0	0	0	0	0
5	-1	2	0	0	0	0	0	0
5	-1	3	0	0	0	0	0	0
5	-1	4	0	0	0	0	0	0
5	-1	5	0	0	0	0	0	0
5	-1	6	0	0	0	0	0	0
5	-1	7	0	0	0	0	0	0
5	0	-7	0	-0	0	-0	0	-0
5	0	-6	0	-0	0	-0	0	-0
5	0	-5	0	-0	0	-0	0	-0
5	0	-4	0	-0	0	-0	0	-0
5	0	-3	0	-0	0	-0	0	-0
5	0	-2	0	-0	0	-0	0	-0
5	0	-1	0	-0	0	-0	0	-0
5	0	0	0	0	0	0	0	0
5	0	1	0	0	0	0	0	0
5	0	2	0	0	0	0	0	0
5	0	3	0	0	0	0	0	0
5	0	4	0	0	0	0	0	0
5	0	5	0	0	0	0	0	0
5	0	6	0	0	0	0	0	0
5	0	7	0	0	0	0	0	0
5	1	-7	0	-0	0	-0	0	-0
5	1	-6	0	-0	0	-0	0	-0
5	1	-5	0	-0	0	-0	0	-0
5	1	-4	0	-0	0	-0	0	-0
5	1	-3	0	-0	0	-0	0	-0
5	1	-2	0	-0	0	-0	0	-0
5	1	-1	0	-0	0	-0	0	-0
5	1	0	0	0	0	0	0	0
5	1	1	0	0	0	0	0	0
5	1	2	0	0	0	0	0	0
5	1	3	0	0	0	0	0	0
5	1	4	0	0	0	0	0	0
5	1	5	0	0	0	0	0	0
5	1	6	0	0	0	0	0	0
5	1	7	0	0	0	0	0	0
5	2	-7	0	-0	0	-0	0	-0
5	2	-6	0	-0	0	-0	0	-0
5	2	-5	0	-0	0	-0	0	-0
5	2	-4	0	-0	0	-0	0	-0
5	2	-3	0	-0	0	-0	0	-0
5	2	-2	0	-0	0	-0	0	-0
5	2	-1	0	-0	0	-0	0	-0
5	2	0	0	0	0	0	0	0
5	2	1	0	0	0	0	0	0
5	2	2	0	0	0	0	0	0
5	2	3	0	0	0	0	0	0
5	2	4	0	0	0	0	0	0
5	2	5	0	0	0	0	0	0
5	2	6	0	0	0	0	0	0
5	2	7	0	0	0	0	0	0
5	3	-7	0	-0	0	-0	0	-0
5	3	-6	0	-0	0	-0	0	-0
5	3	-5	0	-0	0	-0	0	-0
5	3	-4	0	-0	0	-0	0	-0
5	3	-3	0	-0	0	-0	0	-0
5	3	-2	0	-0	0	-0	0	-0
5	3	-1	0	-0	0	-0	0	-0
5	3	0	0	0	0	0	0	0
5	3	1	0	0	0	0	0	0
5	3	2	0	0	0	0	0	0
5	3	3	0	0	0	0	0	0
5	3	4	0	0	0	0	0	0
5	3	5	0	0	0	0	0	0
5	3	6	0	0	0	0	0	0
5	3	7	0	0	0	0	0	0
5	4	-7	0	-0	0	-0	0	-0
5	4	-6	0	-0	0	-0	0	-0
5	4	-5	0	-0	0	-0	0	-0
5	4	-4	0	-0	0	-0	0	-0
5	4	-3	0	-0	0	-0	0	-0
5	4	-2	0	-0	0	-0	0	-0
5	4	-1	0	-0	0	-0	0	-0
5	4	0	0	0	0	0	0	0
5	4	1	0	0	0	0	0	0
5	4	2	0	0	0	0	0	0
5	4	3	0	0	0	0	0	0
5	4	4	0	0	0	0	0	0
5	4	5	0	0	0	0	0	0
5	4	6	0	0	0	0	0	0
5	4	7	0	0	0	0	0	0
5	5	-7	0	-0	0	-0	0	-0
5	5	-6	0	-0	0	-0	0	-0
5	5	-5	0	-0	0	-0	0	-0
5	5	-4	0	-0	0	-0	0	-0
5	5	-3	0	-0	0	-0	0	-0
5	5	-2	0	-0	0	-0	0	-0
5	5	-1	0	-0	0	-0	0	-0
5	5	0	0	0	0	0	0	0
5	5	1	0	0	0	0	0	0
5	5	2	0	0	0	0	0	0
5	5	3	0	0	0	0	0	0
5	5	4	0	0	0	0	0	0
5	5	5	0	0	0	0	0	0
5	5	6	0	0	0	0	0	0
5	5	7	0	0	0	0	0	0
5	6	-7	0	-0	0	-0	0	-0
5	6	-6	0	-0	0	-0	0	-0
5	6	-5	0	-0	0	-0	0	-0
5	6	-4	0	-0	0	-0	0	-0
5	6	-3	0	-0	0	-0	0	-0
5	6	-2	0	-0	0	-0	0	-0
5	6	-1	0	-0	0	-0	0	-0
5	6	0	0	0	0	0	0	0
5	6	1	0	0	0	0	0	0
5	6	2	0	0	0	0	0	0
5	6	3	0	0	0	0	0	0
5	6	4	0	0	0	0	0	0
5	6	5	0	0	0	0	0	0
5	6	6	0	0	0	0	0	0
5	6	7	0	0	0	0	0	0
5	7	-7	0	-0	0	-0	0	-0
5	7	-6	0	-0	0	-0	0	-0
5	7	-5	0	-0	0	-0	0	-0
5	7	-4	0	-0	0	-0	0	-0
5	7	-3	0	-0	0	-0	0	-0
5	7	-2	0	-0	0	-0	0	-0
5	7	-1	0	-0	0	-0	0	-0
5	7	0	0	0	0	0	0	0
5	7	1	0	0	0	0	0	0
5	7	2	0	0	0	0	0	0
5	7	3	0	0	0	0	0	0
5	7	4	0	0	0	0	0	0
5	7	5	0	0	0	0	0	0
5	7	6	0	0	0	0	0	0
5	7	7	0	0	0	0	0	0
6	-7	-7	0	-0	0	-0	0	-0
6	-7	-6	0	-0	0	-0	0	-0
6	-7	-5	0	-0	0	-0	0	-0
6	-7	-4	0	-0	0	-0	0	-0
6	-7	-3	0	-0	0	-0	0	-0
6	-7	-2	0	-0	0	-0	0	-0
6	-7	-1	0	-0	0	-0	0	-0
6	-7	0	0	-0	0	-0	0	-0
6	-7	1	0	0	0	0	0	0
6	-7	2	0	0	0	0	0	0
6	-7	3	0	0	0	0	0	0
6	-7	4	0	0	0	0	0	0
6	-7	5	0	0	0	0	0	0
6	-7	6	0	0	0	0	0	0
6	-7	7	0	0	0	0	0	0
6	-6	-7	0	-0	0	-0	0	-0
6	-6	-6	0	-0	0	-0	0	-0
6	-6	-5	0	-0	0	-0	0	-0
6	-6	-4	0	-0	0	-0	0	-0
6	-6	-3	0	-0	0	-0	0	-0
6	-6	-2	0	-0	0	-0	0	-0
6	-6	-1	0	-0	0	-0	0	-0
6	-6	0	0	-0	0	-0	0	-0
6	-6	1	0	0	0	0	0	0
6	-6	2	0	0	0	0	0	0
6	-6	3	0	0	0	0	0	0
6	-6	4	0	0	0	0	0	0
6	-6	5	0	0	0	0	0	0
6	-6	6	0	0	0	0	0	0
6	-6	7	0	0	0	0	0	0
6	-5	-7	0	-0	0	-0	0	-0
6	-5	-6	0	-0	0	-0	0	-0
6	-5	-5	0	-0	0	-0	0	-0
6	-5	-4	0	-0	0	-0	0	-0
6	-5	-3	0	-0	0	-0	0	-0
6	-5	-2	0	-0	0	-0	0	-0
6	-5	-1	0	-0	0	-0	0	-0
6	-5	0	0	-0	0	-0	0	-0
6	-5	1	0	0	0	0	0	0
6	-5	2	0	0	0	0	0	0
6	-5	3	0	0	0	0	0	0
6	-5	4	0	0	0	0	0	0
6	-5	5	0	0	0	0	0	0
6	-5	6	0	0	0	0	0	0
6	-5	7	0	0	0	0	0	0
6	-4	-7	0	-0	0	-0	0	-0
6	-4	-6	0	-0	0	-0	0	-0
6	-4	-5	0	-0	0	-0	0	-0
6	-4	-4	0	-0	0	-0	0	-0
6	-4	-3	0	-0	0	-0	0	-0
6	-4	-2	0	-0	0	-0	0	-0
6	-4	-1	0	-0	0	-0	0	-0
6	-4	0	0	-0	0	-0	0	-0
6	-4	1	0	0	0	0	0	0
6	-4	2	0	0	0	0	0	0
6	-4	3	0	0	0	0	0	0
6	-4	4	0	0	0	0	0	0
6	-4	5	0	0	0	0	0	0
6	-4	6	0	0	0	0	0	0
6	-4	7	0	0	0	0	0	0
6	-3	-7	0	-0	0	-0	0	-0
6	-3	-6	0	-0	0	-0	0	-0
6	-3	-5	0	-0	0	-0	0	-0
6	-3	-4	0	-0	0	-0	0	-0
6	-3	-3	0	-0	0	-0	0	-0
6	-3	-2	0	-0	0	-0	0	-0
6	-3	-1	0	-0	0	-0	0	-0
6	-3	0	0	-0	0	-0	0	-0
6	-3	1	0	0	0	0	0	0
6	-3	2	0	0	0	0	0	0
6	-3	3	0	0	0	0	0	0
6	-3	4	0	0	0	0	0	0
6	-3	5	0	0	0	0	0	0
6	-3	6	0	0	0	0	0	0
6	-3	7	0	0	0	0	0	0
6	-2	-7	0	-0	0	-0	0	-0
6	-2	-6	0	-0	0	-0	0	-0
6	-2	-5	0	-0	0	-0	0	-0
6	-2	-4	0	-0	0	-0	0	-0
6	-2	-3	0	-0	0	-0	0	-0
6	-2	-2	0	-0	0	-0	0	-0
6	-2	-1	0	-0	0	-0	0	-0
6	-2	0	0	-0	0	-0	0	-0
6	-2	1	0	0	0	0	0	0
6	-2	2	0	0	0	0	0	0
6	-2	3	0	0	0	0	0	0
6	-2	4	0	0	0	0	0	0
6	-2	5	0	0	0	0	0	0
6	-2	6	0	0	0	0	0	0
6	-2	7	0	0	0	0	0	0
6	-1	-7	0	-0	0	-0	0	-0
6	-1	-6	0	-0	0	-0	0	-0
6	-1	-5	0	-0	0	-0	0	-0
6	-1	-4	0	-0	0	-0	0	-0
6	-1	-3	0	-0	0	-0	0	-0
6	-1	-2	0	-0	0	-0	0	-0
6	-1	-1	0	-0	0	-0	0	-0
6	-1	0	0	-0	0	-0	0	-0
6	-1	1	0	0	0	0	0	0
6	-1	2	0	0	0	0	0	0
6	-1	3	0	0	0	0	0	0
6	-1	4	0	0	0	0	0	0
6	-1	5	0	0	0	0	0	0
6	-1	6	0	0	0	0	0	0
6	-1	7	0	0	0	0	0	0
6	0	-7	0	-0	0	-0	0	-0
6	0	-6	0	-0	0	-0	0	-0
6	0	-5	0	-0	0	-0	0	-0
6	0	-4	0	-0	0	-0	0	-0
6	0	-3	0	-0	0	-0	0	-0
6	0	-2	0	-0	0	-0	0	-0
6	0	-1	0	-0	0	-0	0	-0
6	0	0	0	0	0	0	0	0
6	0	1	0	0	0	0	0	0
6	0	2	0	0	0	0	0	0
6	0	3	0	0	0	0	0	0
6	0	4	0	0	0	0	0	0
6	0	5	0	0	0	0	0	0
6	0	6	0	0	0	0	0	0
6	0	7	0	0	0	0	0	0
6	1	-7	0	-0	0	-0	0	-0
6	1	-6	0	-0	0	-0	0	-0
6	1	-5	0	-0	0	-0	0	-0
6	1	-4	0	-0	0	-0	0	-0
6	1	-3	0	-0	0	-0	0	-0
6	1	-2	0	-0	0	-0	0	-0
6	1	-1	0	-0	0	-0	0	-0
6	1	0	0	0	0	0	0	0
6	1	1	0	0	0	0	0	0
6	1	2	0	0	0	0	0	0
6	1	3	0	0	0	0	0	0
6	1	4	0	0	0	0	0	0
6	1	5	0	0	0	0	0	0
6	1	6	0	0	0	0	0	0
6	1	7	0	0	0	0	0	0
6	2	-7	0	-0	0	-0	0	-0
6	2	-6	0	-0	0	-0	0	-0
6	2	-5	0	-0	0	-0	0	-0
6	2	-4	0	-0	0	-0	0	-0
6	2	-3	0	-0	0	-0	0	-0
6	2	-2	0	-0	0	-0	0	-0
6	2	-1	0	-0	0	-0	0	-0
6	2	0	0	0	0	0	0	0
6	2	1	0	0	0	0	0	0
6	2	2	0	0	0	0	0	0
6	2	3	0	0	0	0	0	0
6	2	4	0	0	0	0	0	0
6	2	5	0	0	0	0	0	0
6	2	6	0	0	0	0	0	0
6	2	7	0	0	0	0	0	0
6	3	-7	0	-0	0	-0	0	-0
6	3	-6	0	-0	0	-0	0	-0
6	3	-5	0	-0	0	-0	0	-0
6	3	-4	0	-0	0	-0	0	-0
6	3	-3	0	-0	0	-0	0	-0
6	3	-2	0	-0	0	-0	0	-0
6	3	-1	0	-0	0	-0	0	-0
6	3	0	0	0	0	0	0	0
6	3	1	0	0	0	0	0	0
6	3	2	0	0	0	0	0	0
6	3	3	0	0	0	0	0	0
6	3	4	0	0	0	0	0	0
6	3	5	0	0	0	0	0	0
6	3	6	0	0	0	0	0	0
6	3	7	0	0	0	0	0	0
6	4	-7	0	-0	0	-0	0	-0
6	4	-6	0	-0	0	-0	0	-0
6	4	-5	0	-0	0	-0	0	-0
6	4	-4	0	-0	0	-0	0	-0
6	4	-3	0	-0	0	-0	0	-0
6	4	-2	0	-0	0	-0	0	-0
6	4	-1	0	-0	0	-0	0	-0
6	4	0	0	0	0	0	0	0
6	4	1	0	0	0	0	0	0
6	4	2	0	0	0	0	0	0
6	4	3	0	0	0	0	0	0
6	4	4	0	0	0	0	0	0
6	4	5	0	0	0	0	0	0
6	4	6	0	0	0	0	0	0
6	4	7	0	0	0	0	0	0
6	5	-7	0	-0	0	-0	0	-0
6	5	-6	0	-0	0	-0	0	-0
6	5	-5	0	-0	0	-0	0	-0
6	5	-4	0	-0	0	-0	0	-0
6	5	-3	0	-0	0	-0	0	-0
6	5	-2	0	-0	0	-0	0	-0
6	5	-1	0	-0	0	-0	0	-0
6	5	0	0	0	0	0	0	0
6	5	1	0	0	0	0	0	0
6	5	2	0	0	0	0	0	0
6	5	3	0	0	0	0	0	0
6	5	4	0	0	0	0	0	0
6	5	5	0	0	0	0	0	0
6	5	6	0	0	0	0	0	0
6	5	7	0	0	0	0	0	0
6	6	-7	0	-0	0	-0	0	-0
6	6	-6	0	-0	0	-0	0	-0
6	6	-5	0	-0	0	-0	0	-0
6	6	-4	0	-0	0	-0	0	-0
6	6	-3	0	-0	0	-0	0	-0
6	6	-2	0	-0	0	-0	0	-0
6	6	-1	0	-0	0	-0	0	-0
6	6	0	0	0	0	0	0	0
6	6	1	0	0	0	0	0	0
6	6	2	0	0	0	0	0	0
6	6	3	0	0	0	0	0	0
6	6	4	0	0	0	0	0	0
6	6	5	0	0	0	0	0	0
6	6	6	0	0	0	0	0	0
6	6	7	0	0	0	0	0	0
6	7	-7	0	-0	0	-0	0	-0
6	7	-6	0	-0	0	-0	0	-0
6	7	-5	0	-0	0	-0	0	-0
6	7	-4	0	-0	0	-0	0	-0
6	7	-3	0	-0	0	-0	0	-0
6	7	-2	0	-0	0	-0	0	-0
6	7	-1	0	-0	0	-0	0	-0
6	7	0	0	0	0	0	0	0
6	7	1	0	0	0	0	0	0
6	7	2	0	0	0	0	0	0
6	7	3	0	0	0	0	0	0
6	7	4	0	0	0	0	0	0
6	7	5	0	0	0	0	0	0
6	7	6	0	0	0	0	0	0
6	7	7	0	0	0	0	0	0
7	-7	-7	0	-0	0	-0	0	-0
7	-7	-6	0	-0	0	-0	0	-0
7	-7	-5	0	-0	0	-0	0	-0
7	-7	-4	0	-0	0	-0	0	-0
7	-7	-3	0	-0	0	-0	0	-0
7	-7	-2	0	-0	0	-0	0	-0
7	-7	-1	0	-0	0	-0	0	-0
7	-7	0	0	-0	0	-0	0	-0
7	-7	1	0	0	0	0	0	0
7	-7	2	0	0	0	0	0	0
7	-7	3	0	0	0	0	0	0
7	-7	4	0	0	0	0	0	0
7	-7	5	0	0	0	0	0	0
7	-7	6	0	0	0	0	0	0
7	-7	7	0	0	0	0	0	0
7	-6	-7	0	-0	0	-0	0	-0
7	-6	-6	0	-0	0	-0	0	-0
7	-6	-5	0	-0	0	-0	0	-0
7	-6	-4	0	-0	0	-0	0	-0
7	-6	-3	0	-0	0	-0	0	-0
7	-6	-2	0	-0	0	-0	0	-0
7	-6	-1	0	-0	0	-0	0	-0
7	-6	0	0	-0	0	-0	0	-0
7	-6	1	0	0	0	0	0	0
7	-6	2	0	0	0	0	0	0
7	-6	3	0	0	0	0	0	0
7	-6	4	0	0	0	0	0	0
7	-6	5	0	0	0	0	0	0
7	-6	6	0	0	0	0	0	0
7	-6	7	0	0	0	0	0	0
7	-5	-7	0	-0	0	-0	0	-0
7	-5	-6	0	-0	0	-0	0	-0
7	-5	-5	0	-0	0	-0	0	-0
7	-5	-4	0	-0	0	-0	0	-0
7	-5	-3	0	-0	0	-0	0	-0
7	-5	-2	0	-0	0	-0	0	-0
7	-5	-1	0	-0	0	-0	0	-0
7	-5	0	0	-0	0	-0	0	-0
7	-5	1	0	0	0	0	0	0
7	-5	2	0	0	0	0	0	0
7	-5	3	0	0	0	0	0	0
7	-5	4	0	0	0	0	0	0
7	-5	5	0	0	0	0	0	0
7	-5	6	0	0	0	0	0	0
7	-5	7	0	0	0	0	0	0
7	-4	-7	0	-0	0	-0	0	-0
7	-4	-6	0	-0	0	-0	0	-0
7	-4	-5	0	-0	0	-0	0	-0
7	-4	-4	0	-0	0	-0	0	-0
7	-4	-3	0	-0	0	-0	0	-0
7	-4	-2	0	-0	0	-0	0	-0
7	-4	-1	0	-0	0	-0	0	-0
7	-4	0	0	-0	0	-0	0	-0
7	-4	1	0	0	0	0	0	0
7	-4	2	0	0	0	0	0	0
7	-4	3	0	0	0	0	0	0
7	-4	4	0	0	0	0	0	0
7	-4	5	0	0	0	0	0	0
7	-4	6	0	0	0	0	0	0
7	-4	7	0	0	0	0	0	0
7	-3	-7	0	-0	0	-0	0	-0
7	-3	-6	0	-0	0	-0	0	-0
7	-3	-5	0	-0	0	-0	0	-0
7	-3	-4	0	-0	0	-0	0	-0
7	-3	-3	0	-0	0	-0	0	-0
7	-3	-2	0	-0	0	-0	0	-0
7	-3	-1	0	-0	0	-0	0	-0
7	-3	0	0	-0	0	-0	0	-0
7	-3	1	0	0	0	0	0	0
7	-3	2	0	0	0	0	0	0
7	-3	3	0	0	0	0	0	0
7	-3	4	0	0	0	0	0	0
7	-3	5	0	0	0	0	0	0
7	-3	6	0	0	0	0	0	0
7	-3	7	0	0	0	0	0	0
7	-2	-7	0	-0	0	-0	0	-0
7	-2	-6	0	-0	0	-0	0	-0
7	-2	-5	0	-0	0	-0	0	-0
7	-2	-4	0	-0	0	-0	0	-0
7	-2	-3	0	-0	0	-0	0	-0
7	-2	-2	0	-0	0	-0	0	-0
7	-2	-1	0	-0	0	-0	0	-0
7	-2	0	0	-0	0	-0	0	-0
7	-2	1	0	0	0	0	0	0
7	-2	2	0	0	0	0	0	0
7	-2	3	0	0	0	0	0	0
7	-2	4	0	0	0	0	0	0
7	-2	5	0	0	0	0	0	0
7	-2	6	0	0	0	0	0	0
7	-2	7	0	0	0	0	0	0
7	-1	-7	0	-0	0	-0	0	-0
7	-1	-6	0	-0	0	-0	0	-0
7	-1	-5	0	-0	0	-0	0	-0
7	-1	-4	0	-0	0	-0	0	-0
7	-1	-3	0	-0	0	-0	0	-0
7	-1	-2	0	-0	0	-0	0	-0
7	-1	-1	0	-0	0	-0	0	-0
7	-1	0	0	-0	0	-0	0	-0
7	-1	1	0	0	0	0	0	0
7	-1	2	0	0	0	0	0	0
7	-1	3	0	0	0	0	0	0
7	-1	4	0	0	0	0	0	0
7	-1	5	0	0	0	0	0	0
7	-1	6	0	0	0	0	0	0
7	-1	7	0	0	0	0	0	0
7	0	-7	0	-0	0	-0	0	-0
7	0	-6	0	-0	0	-0	0	-0
7	0	-5	0	-0	0	-0	0	-0
7	0	-4	0	-0	0	-0	0	-0
7	0	-3	0	-0	0	-0	0	-0
7	0	-2	0	-0	0	-0	0	-0
7	0	-1	0	-0	0	-0	0	-0
7	0	0	0	0	0	0	0	0
7	0	1	0	0	0	0	0	0
7	0	2	0	0	0	0	0	0
7	0	3	0	0	0	0	0	0
7	0	4	0	0	0	0	0	0
7	0	5	0	0	0	0	0	0
7	0	6	0	0	0	0	0	0
7	0	7	0	0	0	0	0	0
7	1	-7	0	-0	0	-0	0	-0
7	1	-6	0	-0	0	-0	0	-0
7	1	-5	0	-0	0	-0	0	-0
7	1	-4	0	-0	0	-0	0	-0
7	1	-3	0	-0	0	-0	0	-0
7	1	-2	0	-0	0	-0	0	-0
7	1	-1	0	-0	0	-0	0	-0
7	1	0	0	0	0	0	0	0
7	1	1	0	0	0	0	0	0
7	1	2	0	0	0	0	0	0
7	1	3	0	0	0	0	0	0
7	1	4	0	0	0	0	0	0
7	1	5	0	0	0	0	0	0
7	1	6	0	0	0	0	0	0
7	1	7	0	0	0	0	0	0
7	2	-7	0	-0	0	-0	0	-0
7	2	-6	0	-0	0	-0	0	-0
7	2	-5	0	-0	0	-0	0	-0
7	2	-4	0	-0	0	-0	0	-0
7	2	-3	0	-0	0	-0	0	-0
7	2	-2	0	-0	0	-0	0	-0
7	2	-1	0	-0	0	-0	0	-0
7	2	0	0	0	0	0	0	0
7	2	1	0	0	0	0	0	0
7	2	2	0	0	0	0	0	0
7	2	3	0	0	0	0	0	0
7	2	4	0	0	0	0	0	0
7	2	5	0	0	0	0	0	0
7	2	6	0	0	0	0	0	0
7	2	7	0	0	0	0	0	0
7	3	-7	0	-0	0	-0	0	-0
7	3	-6	0	-0	0	-0	0	-0
7	3	-5	0	-0	0	-0	0	-0
7	3	-4	0	-0	0	-0	0	-0
7	3	-3	0	-0	0	-0	0	-0
7	3	-2	0	-0	0	-0	0	-0
7	3	-1	0	-0	0	-0	0	-0
7	3	0	0	0	0	0	0	0
7	3	1	0	0	0	0	0	0
7	3	2	0	0	0	0	0	0
7	3	3	0	0	0	0	0	0
7	3	4	0	0	0	0	0	0
7	3	5	0	0	0	0	0	0
7	3	6	0	0	0	0	0	0
7	3	7	0	0	0	0	0	0
7	4	-7	0	-0	0	-0	0	-0
7	4	-6	0	-0	0	-0	0	-0
7	4	-5	0	-0	0	-0	0	-0
7	4	-4	0	-0	0	-0	0	-0
7	4	-3	0	-0	0	-0	0	-0
7	4	-2	0	-0	0	-0	0	-0
7	4	-1	0	-0	0	-0	0	-0
7	4	0	0	0	0	0	0	0
7	4	1	0	0	0	0	0	0
7	4	2	0	0	0	0	0	0
7	4	3	0	0	0	0	0	0
7	4	4	0	0	0	0	0	0
7	4	5	0	0	0	0	0	0
7	4	6	0	0	0	0	0	0
7	4	7	0	0	0	0	0	0
7	5	-7	0	-0	0	-0	0	-0
7	5	-6	0	-0	0	-0	0	-0
7	5	-5	0	-0	0	-0	0	-0
7	5	-4	0	-0	0	-0	0	-0
7	5	-3	0	-0	0	-0	0	-0
7	5	-2	0	-0	0	-0	0	-0
7	5	-1	0	-0	0	-0	0	-0
7	5	0	0	0	0	0	0	0
7	5	1	0	0	0	0	0	0
7	5	2	0	0	0	0	0	0
7	5	3	0	0	0	0	0	0
7	5	4	0	0	0	0	0	0
7	5	5	0	0	0	0	0	0
7	5	6	0	0	0	0	0	0
7	5	7	0	0	0	0	0	0
7	6	-7	0	-0	0	-0	0	-0
7	6	-6	0	-0	0	-0	0	-0
7	6	-5	0	-0	0	-0	0	-0
7	6	-4	0	-0	0	-0	0	-0
7	6	-3	0	-0	0	-0	0	-0
7	6	-2	0	-0	0	-0	0	-0
7	6	-1	0	-0	0	-0	0	-0
7	6	0	0	0	0	0	0	0
7	6	1	0	0	0	0	0	0
7	6	2	0	0	0	0	0	0
7	6	3	0	0	0	0	0	0
7	6	4	0	0	0	0	0	0
7	6	5	0	0	0	0	0	0
7	6	6	0	0	0	0	0	0
7	6	7	0	0	0	0	0	0
7	7	-7	0	-0	0	-0	0	-0
7	7	-6	0	-0	0	-0	0	-0
7	7	-5	0	-0	0	-0	0	-0
7	7	-4	0	-0	0	-0	0	-0
7	7	-3	0	-0	0	-0	0	-0
7	7	-2	0	-0	0	-0	0	-0
7	7	-1	0	-0	0	-0	0	-0
7	7	0	0	0	0	0	0	0
7	7	1	0	0	0	0	0	0
7	7	2	0	0	0	0	0	0
7	7	3	0	0	0	0	0	0
7	7	4	0	0	0	0	0	0
7	7	5	0	0	0	0	0	0
7	7	6	0	0	0	0	0	0
7	7	7	0	0	0	0	0	0
