# completed local quartic closure restart checkpoint; cutoff=1; restart=5; seed=1127675556562534488; objective=remainder-envelope-ratio; selection=doubling-remainder; optimized_objective=0.110175760711299225; refined_objective=0; accepted_steps=12; candidate_lemma_proved=false
kx	ky	kz	ux_re	ux_im	uy_re	uy_im	uz_re	uz_im
-1	-1	-1	-0.046146542776216908921	-0.12962442862757408979	-0.024584600631439277457	0.0016124756948336629783	0.070731143407656182909	0.12801195293274042486
-1	-1	0	0.0010324651085574113128	0.010047794827497189343	-0.0010324651085574113128	-0.010047794827497189343	0.020930131029005583781	0.0011273717797061709976
-1	-1	1	0.0080657505802421165103	0.0030697465693290968206	0.0049704583034663194288	-0.0010159083213407674087	0.013036208883708435072	0.0020538382479883291951
-1	0	-1	0.020782602163978619592	0.0044790421989749163237	0.0021762845561977012948	-0.0061931290200747798544	-0.020782602163978619592	-0.0044790421989749163237
-1	0	0	0	-0	0.016696312489554953479	0.020854831405481701057	-0.0053270965273166121651	0.017699851311121922448
-1	0	1	0.015006517876475096093	-0.0061424625762288393924	0.0087190351000461085301	0.010052585908568344858	0.015006517876475096093	-0.0061424625762288393924
-1	1	-1	-0.035476180322281843094	-0.14521529573728556017	-0.019480737161895234771	0.0010058920708488532439	0.015995443160386611792	0.14622118780813442296
-1	1	0	0.0012405144192113573207	-0.0034567691687946633036	0.0012405144192113573207	-0.0034567691687946633036	-0.0083318593151012840942	0.0054192750611733713634
-1	1	1	0.002212642947003228347	0.001138275534470831532	0.0081519458770076512477	0.0082710542097060510414	-0.0059393029300044220334	-0.007132778675235218642
0	-1	-1	0.0028071242140587236887	-0.00092981244506904403221	-0.0033289484608699957888	-0.0054292424360121334381	0.0033289484608699957888	0.0054292424360121334381
0	-1	0	-0.44531357203517191179	-0.018774530050768425266	0	-0	-0.43410723719509375362	0.12758211249960388356
0	-1	1	-0.00052986491897343609286	-0.012127754603102518585	-0.010315485113045837554	0.003566528027238152071	-0.010315485113045837554	0.003566528027238152071
0	0	-1	0.063587041777519559549	-0.014313859871942211099	-0.011576233663358694373	0.04991287601739292229	0	-0
0	0	1	0.063587041777519559549	0.014313859871942211099	-0.011576233663358694373	-0.04991287601739292229	0	0
0	1	-1	-0.00052986491897343609286	0.012127754603102518585	-0.010315485113045837554	-0.003566528027238152071	-0.010315485113045837554	-0.003566528027238152071
0	1	0	-0.44531357203517191179	0.018774530050768425266	0	0	-0.43410723719509375362	-0.12758211249960388356
0	1	1	0.0028071242140587236887	0.00092981244506904403221	-0.0033289484608699957888	0.0054292424360121334381	0.0033289484608699957888	-0.0054292424360121334381
1	-1	-1	0.002212642947003228347	-0.001138275534470831532	0.0081519458770076512477	-0.0082710542097060510414	-0.0059393029300044220334	0.007132778675235218642
1	-1	0	0.0012405144192113573207	0.0034567691687946633036	0.0012405144192113573207	0.0034567691687946633036	-0.0083318593151012840942	-0.0054192750611733713634
1	-1	1	-0.035476180322281843094	0.14521529573728556017	-0.019480737161895234771	-0.0010058920708488532439	0.015995443160386611792	-0.14622118780813442296
1	0	-1	0.015006517876475096093	0.0061424625762288393924	0.0087190351000461085301	-0.010052585908568344858	0.015006517876475096093	0.0061424625762288393924
1	0	0	0	0	0.016696312489554953479	-0.020854831405481701057	-0.0053270965273166121651	-0.017699851311121922448
1	0	1	0.020782602163978619592	-0.0044790421989749163237	0.0021762845561977012948	0.0061931290200747798544	-0.020782602163978619592	0.0044790421989749163237
1	1	-1	0.0080657505802421165103	-0.0030697465693290968206	0.0049704583034663194288	0.0010159083213407674087	0.013036208883708435072	-0.0020538382479883291951
1	1	0	0.0010324651085574113128	-0.010047794827497189343	-0.0010324651085574113128	0.010047794827497189343	0.020930131029005583781	-0.0011273717797061709976
1	1	1	-0.046146542776216908921	0.12962442862757408979	-0.024584600631439277457	-0.0016124756948336629783	0.070731143407656182909	-0.12801195293274042486
